{
  "mode": "storeapi",
  "device": "desktop",
  "page": "checkout",
  "runs": 3,
  "results": [
    {
      "score": 85,
      "fcp": 854.8203000000001,
      "lcp": 2619.2812,
      "tti": 2619.2812,
      "tbt": 0,
      "cls": 0.015475000000000001,
      "si": 990.9511706847763,
      "bytes": 387853
    },
    {
      "score": 85,
      "fcp": 831.1203,
      "lcp": 2481.521299999999,
      "tti": 2481.521299999999,
      "tbt": 0,
      "cls": 0.015475000000000001,
      "si": 1180.3040364916233,
      "bytes": 387746
    },
    {
      "score": 85,
      "fcp": 835.1181,
      "lcp": 2538.8450999999995,
      "tti": 2538.8450999999995,
      "tbt": 0,
      "cls": 0.015475000000000001,
      "si": 1231.1529738214472,
      "bytes": 387781
    }
  ]
}