{
  "mode": "classic",
  "device": "desktop",
  "page": "cart",
  "runs": 3,
  "results": [
    {
      "score": 100,
      "fcp": 280.1167,
      "lcp": 368.2602661315918,
      "tti": 368.26026613159183,
      "tbt": 0,
      "cls": 0,
      "si": 280.1167,
      "bytes": 57884
    },
    {
      "score": 100,
      "fcp": 280.1572,
      "lcp": 368.3007661315918,
      "tti": 368.3007661315918,
      "tbt": 0,
      "cls": 0,
      "si": 280.1572,
      "bytes": 57997
    },
    {
      "score": 100,
      "fcp": 280.1268,
      "lcp": 368.2703661315918,
      "tti": 368.2703661315918,
      "tbt": 0,
      "cls": 0,
      "si": 280.1268,
      "bytes": 57997
    }
  ]
}