{
  "mode": "storeapi",
  "device": "mobile",
  "page": "cart",
  "runs": 3,
  "results": [
    {
      "score": 99,
      "fcp": 1552.8083000000001,
      "lcp": 1552.8083000000001,
      "tti": 1552.8083000000001,
      "tbt": 0,
      "cls": 0,
      "si": 1552.8083000000001,
      "bytes": 659467
    },
    {
      "score": 99,
      "fcp": 1412.939,
      "lcp": 1571.0825661315919,
      "tti": 1571.0825661315919,
      "tbt": 0,
      "cls": 0,
      "si": 1412.939,
      "bytes": 622013
    },
    {
      "score": 100,
      "fcp": 1406.9406,
      "lcp": 1406.9406,
      "tti": 1406.9406,
      "tbt": 0,
      "cls": 0,
      "si": 1406.9406,
      "bytes": 621923
    }
  ]
}