{
    "metrics": {
        "target_success": {
            "count": 87230,
            "rate": 171.0375777499417
        },
        "target_fail": {
            "count": 510,
            "rate": 0.9999904236211197
        },
        "http_reqs": {
            "rate": 172.82187438816763,
            "count": 88140
        },
        "iteration_duration": {
            "avg": 890.5404933187841,
            "min": 74.011708,
            "med": 340.4736875,
            "max": 180004.158417,
            "p(90)": 487.2664753,
            "p(95)": 658.7746586499994,
            "p(99)": 5269.991498489998
        },
        "http_req_sending": {
            "min": 0.01,
            "med": 0.051,
            "max": 20.411,
            "p(90)": 0.186,
            "p(95)": 0.269,
            "p(99)": 0.8106099999999993,
            "avg": 0.10183685046517134
        },
        "checks": {
            "passes": 174642,
            "fails": 1038,
            "value": 0.9940915300546448
        },
        "vus": {
            "value": 1,
            "min": 1,
            "max": 200
        },
        "target_duration": {
            "p(95)": 647,
            "p(99)": 5181.439999999997,
            "avg": 865.1256211534078,
            "min": 74,
            "med": 340,
            "max": 60007,
            "p(90)": 484,
            "thresholds": {
                "p(95)<5000": false
            }
        },
        "data_sent": {
            "count": 13806321,
            "rate": 27070.958402821885
        },
        "http_req_failed": {
            "passes": 533,
            "fails": 87607,
            "value": 0.006047197640117994
        },
        "http_req_blocked": {
            "p(90)": 0.001,
            "p(95)": 0.001,
            "p(99)": 0.002,
            "avg": 0.2834673700931206,
            "min": 0,
            "med": 0,
            "max": 1119.37
        },
        "http_req_connecting": {
            "max": 1049.314,
            "p(90)": 0,
            "p(95)": 0,
            "p(99)": 0,
            "avg": 0.13725220104379396,
            "min": 0,
            "med": 0
        },
        "http_req_tls_handshaking": {
            "p(90)": 0,
            "p(95)": 0,
            "p(99)": 0,
            "avg": 0.1445895393691854,
            "min": 0,
            "med": 0,
            "max": 88.973
        },
        "iterations": {
            "count": 87740,
            "rate": 172.03756817356282
        },
        "vus_max": {
            "value": 200,
            "min": 200,
            "max": 200
        },
        "http_req_duration": {
            "max": 60006.581,
            "p(90)": 484.54060000000004,
            "p(95)": 648.7783,
            "p(99)": 5308.602669999999,
            "avg": 885.9612206943553,
            "min": 59.923,
            "med": 340.065
        },
        "http_req_duration{expected_response:true}": {
            "min": 59.923,
            "med": 339.68,
            "max": 59997.741,
            "p(90)": 475.253,
            "p(95)": 614.4855,
            "p(99)": 2392.5145799999996,
            "avg": 526.3424492677538
        },
        "http_req_waiting": {
            "avg": 885.6777088041787,
            "min": 59.882,
            "med": 339.89750000000004,
            "max": 60006.518,
            "p(90)": 484.3021,
            "p(95)": 648.46145,
            "p(99)": 5308.202319999999
        },
        "http_req_receiving": {
            "min": 0,
            "med": 0.038,
            "max": 410.709,
            "p(90)": 0.136,
            "p(95)": 0.198,
            "p(99)": 0.7042199999999984,
            "avg": 0.1816750397095736
        },
        "data_received": {
            "count": 186492297,
            "rate": 365667.66878256015
        }
    },
    "root_group": {
        "id": "d41d8cd98f00b204e9800998ecf8427e",
        "groups": {},
        "checks": {
                "session init 200": {
                    "name": "session init 200",
                    "path": "::session init 200",
                    "id": "e4077ac26b182e1b20d4e4cac4180311",
                    "passes": 182,
                    "fails": 18
                },
                "add_to_cart 200": {
                    "name": "add_to_cart 200",
                    "path": "::add_to_cart 200",
                    "id": "8bd954fa760fb5e8ef98e20e934e6ec2",
                    "passes": 87230,
                    "fails": 510
                },
                "has fragments": {
                    "fails": 510,
                    "name": "has fragments",
                    "path": "::has fragments",
                    "id": "615699412f0373c41364df6cbef6b361",
                    "passes": 87230
                }
            },
        "name": "",
        "path": ""
    }
}