{
    "root_group": {
        "name": "",
        "path": "",
        "id": "d41d8cd98f00b204e9800998ecf8427e",
        "groups": {},
        "checks": {
                "session init 200": {
                    "path": "::session init 200",
                    "id": "e4077ac26b182e1b20d4e4cac4180311",
                    "passes": 420,
                    "fails": 80,
                    "name": "session init 200"
                },
                "add_to_cart 200": {
                    "name": "add_to_cart 200",
                    "path": "::add_to_cart 200",
                    "id": "8bd954fa760fb5e8ef98e20e934e6ec2",
                    "passes": 27791,
                    "fails": 5438
                },
                "has fragments": {
                    "name": "has fragments",
                    "path": "::has fragments",
                    "id": "615699412f0373c41364df6cbef6b361",
                    "passes": 27791,
                    "fails": 5438
                }
            }
    },
    "metrics": {
        "http_req_duration{expected_response:true}": {
            "max": 59987.197,
            "p(90)": 1734.0686,
            "p(95)": 2282.7266,
            "p(99)": 3953.5009999999984,
            "avg": 955.030417641508,
            "min": 62.169,
            "med": 549.003
        },
        "http_req_blocked": {
            "p(90)": 0.001,
            "p(95)": 0.001,
            "p(99)": 110.26859999999996,
            "avg": 10.93432037161446,
            "min": 0,
            "med": 0,
            "max": 13677.717
        },
        "iterations": {
            "count": 33229,
            "rate": 58.3657194222529
        },
        "iteration_duration": {
            "avg": 6544.728023449394,
            "min": 74.08225,
            "med": 695.08375,
            "max": 173510.896042,
            "p(90)": 30001.342800399998,
            "p(95)": 30001.5585498,
            "p(99)": 60001.192404760004
        },
        "target_fail": {
            "count": 5438,
            "rate": 9.55168022565263
        },
        "vus_max": {
            "value": 500,
            "min": 500,
            "max": 500
        },
        "target_duration": {
            "min": 74,
            "med": 688,
            "max": 60070,
            "p(90)": 30001,
            "p(95)": 30002,
            "p(99)": 60001,
            "avg": 6314.4201450540195,
            "thresholds": {
                "p(95)<5000": true
            }
        },
        "http_req_receiving": {
            "p(99)": 44.95872,
            "avg": 0.9560424493849845,
            "min": 0,
            "med": 0.019,
            "max": 489.013,
            "p(90)": 0.048,
            "p(95)": 0.071
        },
        "http_req_failed": {
            "passes": 5592,
            "fails": 28637,
            "value": 0.1633702416079932
        },
        "http_reqs": {
            "count": 34229,
            "rate": 60.12218875392863
        },
        "http_req_duration": {
            "p(99)": 60000.8716,
            "avg": 2417.2109618159952,
            "min": 0,
            "med": 461.557,
            "max": 60057.182,
            "p(90)": 1904.7376000000002,
            "p(95)": 2888.884799999998
        },
        "data_received": {
            "count": 78214525,
            "rate": 137381.41445408482
        },
        "target_success": {
            "count": 27791,
            "rate": 48.81403919660027
        },
        "checks": {
            "passes": 56002,
            "fails": 10956,
            "value": 0.8363750410705219
        },
        "data_sent": {
            "rate": 9326.77135360888,
            "count": 5309954
        },
        "http_req_tls_handshaking": {
            "p(99)": 60.88107999999998,
            "avg": 5.249125215460575,
            "min": 0,
            "med": 0,
            "max": 11845.324,
            "p(90)": 0,
            "p(95)": 0
        },
        "http_req_sending": {
            "med": 0.031,
            "max": 24.058,
            "p(90)": 0.059,
            "p(95)": 0.074,
            "p(99)": 0.189,
            "avg": 0.044399047591221145,
            "min": 0
        },
        "http_req_connecting": {
            "avg": 5.906783546115865,
            "min": 0,
            "med": 0,
            "max": 6345.675,
            "p(90)": 0,
            "p(95)": 0,
            "p(99)": 48.38472
        },
        "http_req_waiting": {
            "p(90)": 1902.3504,
            "p(95)": 2876.7431999999994,
            "p(99)": 60000.84872,
            "avg": 2416.210520319032,
            "min": 0,
            "med": 460.295,
            "max": 60057.15
        },
        "vus": {
            "value": 1,
            "min": 1,
            "max": 500
        }
    }
}