{
    "root_group": {
        "name": "",
        "path": "",
        "id": "d41d8cd98f00b204e9800998ecf8427e",
        "groups": {},
        "checks": {
                "add-item 200": {
                    "name": "add-item 200",
                    "path": "::add-item 200",
                    "id": "33c9fa24edc9e82dc71c99a3b7d11540",
                    "passes": 72205,
                    "fails": 0
                },
                "has items": {
                    "id": "a26ba3373a464cabfd3ac187534f4261",
                    "passes": 72205,
                    "fails": 0,
                    "name": "has items",
                    "path": "::has items"
                }
            }
    },
    "metrics": {
        "http_reqs": {
            "count": 72255,
            "rate": 172.02028160902134
        },
        "target_success": {
            "count": 72205,
            "rate": 171.90124466928776
        },
        "http_req_tls_handshaking": {
            "avg": 0.04447636841741055,
            "min": 0,
            "med": 0,
            "max": 79.436,
            "p(90)": 0,
            "p(95)": 0,
            "p(99)": 0
        },
        "http_req_blocked": {
            "med": 0,
            "max": 173.531,
            "p(90)": 0.001,
            "p(95)": 0.001,
            "p(99)": 0.002,
            "avg": 0.08090414504194886,
            "min": 0
        },
        "http_req_sending": {
            "p(99)": 0.533,
            "avg": 0.09177847899799385,
            "min": 0.013,
            "med": 0.044,
            "max": 15.372,
            "p(90)": 0.203,
            "p(95)": 0.277
        },
        "iterations": {
            "count": 72205,
            "rate": 171.90124466928776
        },
        "data_sent": {
            "rate": 27375.13215481049,
            "count": 11498587
        },
        "target_duration": {
            "p(95)": 320,
            "p(99)": 346,
            "avg": 249.02850218128938,
            "min": 73,
            "med": 264,
            "max": 49764,
            "p(90)": 308,
            "thresholds": {
                "p(95)<5000": false
            }
        },
        "http_req_connecting": {
            "max": 61.581,
            "p(90)": 0,
            "p(95)": 0,
            "p(99)": 0,
            "avg": 0.035264535326275014,
            "min": 0,
            "med": 0
        },
        "http_req_receiving": {
            "p(90)": 0.147,
            "p(95)": 0.196,
            "p(99)": 0.3839199999999987,
            "avg": 0.10056549719743318,
            "min": 0.007,
            "med": 0.037,
            "max": 60.009
        },
        "data_received": {
            "count": 227679383,
            "rate": 542045.139855072
        },
        "checks": {
            "passes": 144410,
            "fails": 0,
            "value": 1
        },
        "vus_max": {
            "min": 50,
            "max": 50,
            "value": 50
        },
        "http_req_duration": {
            "med": 263.427,
            "max": 49763.298,
            "p(90)": 307.5864,
            "p(95)": 319.4043,
            "p(99)": 345.3961599999999,
            "avg": 248.63458631236662,
            "min": 72.003
        },
        "http_req_duration{expected_response:true}": {
            "max": 49763.298,
            "p(90)": 307.5864,
            "p(95)": 319.4043,
            "p(99)": 345.3961599999999,
            "avg": 248.63458631236662,
            "min": 72.003,
            "med": 263.427
        },
        "iteration_duration": {
            "avg": 249.3245071147556,
            "min": 72.809625,
            "med": 263.914209,
            "max": 49764.201459,
            "p(90)": 308.117392,
            "p(95)": 320.0168832,
            "p(99)": 346.73711499999996
        },
        "vus": {
            "value": 1,
            "min": 0,
            "max": 50
        },
        "http_req_waiting": {
            "min": 71.393,
            "med": 263.231,
            "max": 49757.804,
            "p(90)": 307.4256,
            "p(95)": 319.1766999999999,
            "p(99)": 345.04314,
            "avg": 248.44224233617246
        },
        "http_req_failed": {
            "passes": 0,
            "fails": 72255,
            "value": 0
        }
    }
}