{
    "root_group": {
        "checks": {
            "add-item 200": {
                "fails": 535,
                "name": "add-item 200",
                "path": "::add-item 200",
                "id": "33c9fa24edc9e82dc71c99a3b7d11540",
                "passes": 55560
            },
            "has items": {
                "fails": 535,
                "name": "has items",
                "path": "::has items",
                "id": "a26ba3373a464cabfd3ac187534f4261",
                "passes": 55560
            }
        },
        "name": "",
        "path": "",
        "id": "d41d8cd98f00b204e9800998ecf8427e",
        "groups": {}
    },
    "metrics": {
        "http_req_failed": {
            "passes": 594,
            "fails": 55701,
            "value": 0.010551558752997603
        },
        "vus_max": {
            "value": 200,
            "min": 200,
            "max": 200
        },
        "vus": {
            "value": 1,
            "min": 1,
            "max": 200
        },
        "http_req_waiting": {
            "min": 69.615,
            "med": 365.717,
            "max": 60015.375,
            "p(90)": 1164.7838,
            "p(95)": 1509.5541999999996,
            "p(99)": 59887.31564,
            "avg": 1376.0476749267216
        },
        "target_fail": {
            "count": 535,
            "rate": 1.0614798409899229
        },
        "http_reqs": {
            "count": 56295,
            "rate": 111.69347224023872
        },
        "http_req_connecting": {
            "p(99)": 0,
            "avg": 0.19124243716138212,
            "min": 0,
            "med": 0,
            "max": 141.565,
            "p(90)": 0,
            "p(95)": 0
        },
        "target_success": {
            "count": 55560,
            "rate": 110.23517750542078
        },
        "http_req_blocked": {
            "med": 0,
            "max": 256.01,
            "p(90)": 0.001,
            "p(95)": 0.001,
            "p(99)": 0.002,
            "avg": 0.42196830979666294,
            "min": 0
        },
        "http_req_tls_handshaking": {
            "p(99)": 0,
            "avg": 0.2290631494804155,
            "min": 0,
            "med": 0,
            "max": 114.301,
            "p(90)": 0,
            "p(95)": 0
        },
        "checks": {
            "passes": 111120,
            "fails": 1070,
            "value": 0.9904626080755861
        },
        "data_sent": {
            "count": 9252770,
            "rate": 18358.184725824914
        },
        "http_req_duration": {
            "p(90)": 1166.6748,
            "p(95)": 1510.2484999999988,
            "p(99)": 59888.05444,
            "avg": 1377.7799605826515,
            "min": 69.701,
            "med": 365.996,
            "max": 60015.426
        },
        "iteration_duration": {
            "min": 70.07025,
            "med": 366.147958,
            "max": 120033.153542,
            "p(90)": 1163.3406832,
            "p(95)": 1501.4588585999993,
            "p(99)": 60000.15896948,
            "avg": 1383.4520637678677
        },
        "iterations": {
            "count": 56095,
            "rate": 111.29665734641071
        },
        "data_received": {
            "rate": 366038.7282606448,
            "count": 184488402
        },
        "http_req_sending": {
            "p(99)": 0.466,
            "avg": 0.07016632027710801,
            "min": 0.014,
            "med": 0.033,
            "max": 62.159,
            "p(90)": 0.085,
            "p(95)": 0.163
        },
        "http_req_receiving": {
            "min": 0,
            "med": 0.031,
            "max": 1202.964,
            "p(90)": 0.091,
            "p(95)": 0.146,
            "p(99)": 0.6894199999999965,
            "avg": 1.662119335642653
        },
        "target_duration": {
            "med": 366,
            "max": 60035,
            "p(90)": 1158,
            "p(95)": 1492,
            "p(99)": 59796.659999999996,
            "avg": 1296.6619484802568,
            "min": 70,
            "thresholds": {
                "p(95)<5000": false
            }
        },
        "http_req_duration{expected_response:true}": {
            "p(99)": 4296.786,
            "avg": 752.7254439058602,
            "min": 69.701,
            "med": 364.746,
            "max": 59990.84,
            "p(90)": 1123.38,
            "p(95)": 1399.354
        }
    }
}