{
    "root_group": {
        "groups": {},
        "checks": {
                "add-item 200": {
                    "fails": 0,
                    "name": "add-item 200",
                    "path": "::add-item 200",
                    "id": "33c9fa24edc9e82dc71c99a3b7d11540",
                    "passes": 1427
                },
                "has items": {
                    "fails": 0,
                    "name": "has items",
                    "path": "::has items",
                    "id": "a26ba3373a464cabfd3ac187534f4261",
                    "passes": 1427
                }
            },
        "name": "",
        "path": "",
        "id": "d41d8cd98f00b204e9800998ecf8427e"
    },
    "metrics": {
        "http_req_duration": {
            "avg": 83.61352941176472,
            "min": 69.114,
            "med": 81.887,
            "max": 203.711,
            "p(90)": 91.7463,
            "p(95)": 96.8356,
            "p(99)": 111.13318
        },
        "iteration_duration": {
            "p(95)": 97.32607519999998,
            "p(99)": 111.66091858,
            "avg": 84.10554944989484,
            "min": 69.332,
            "med": 82.141208,
            "max": 429.489792,
            "p(90)": 92.00490860000001
        },
        "data_sent": {
            "count": 227679,
            "rate": 1896.302876946802
        },
        "target_duration": {
            "min": 69,
            "med": 82,
            "max": 144,
            "p(90)": 92,
            "p(95)": 97,
            "p(99)": 111,
            "avg": 83.86124737210932,
            "thresholds": {
                "p(95)<5000": false
            }
        },
        "http_req_sending": {
            "max": 9.779,
            "p(90)": 0.102,
            "p(95)": 0.1539499999999998,
            "p(99)": 0.4416799999999998,
            "avg": 0.09951890756302503,
            "min": 0.037,
            "med": 0.066
        },
        "vus_max": {
            "value": 1,
            "min": 1,
            "max": 1
        },
        "http_req_blocked": {
            "p(95)": 0.001,
            "p(99)": 0.001,
            "avg": 0.10184803921568825,
            "min": 0,
            "med": 0,
            "max": 144.814,
            "p(90)": 0.001
        },
        "http_req_connecting": {
            "max": 47.046,
            "p(90)": 0,
            "p(95)": 0,
            "p(99)": 0,
            "avg": 0.0329453781512605,
            "min": 0,
            "med": 0
        },
        "iterations": {
            "count": 1427,
            "rate": 11.885260412260623
        },
        "checks": {
            "passes": 2854,
            "fails": 0,
            "value": 1
        },
        "data_received": {
            "count": 4387618,
            "rate": 36543.785928186495
        },
        "http_req_tls_handshaking": {
            "avg": 0.04491666666666667,
            "min": 0,
            "med": 0,
            "max": 64.141,
            "p(90)": 0,
            "p(95)": 0,
            "p(99)": 0
        },
        "http_req_waiting": {
            "p(95)": 96.6772,
            "p(99)": 110.95052,
            "avg": 83.39987114845933,
            "min": 69.008,
            "med": 81.7465,
            "max": 154.264,
            "p(90)": 91.5978
        },
        "http_req_failed": {
            "passes": 0,
            "fails": 1428,
            "value": 0
        },
        "target_success": {
            "count": 1427,
            "rate": 11.885260412260623
        },
        "http_reqs": {
            "count": 1428,
            "rate": 11.893589256277624
        },
        "http_req_receiving": {
            "p(99)": 0.2948999999999996,
            "avg": 0.11413935574229694,
            "min": 0.023,
            "med": 0.059,
            "max": 49.326,
            "p(90)": 0.101,
            "p(95)": 0.132
        },
        "vus": {
            "value": 1,
            "min": 1,
            "max": 1
        },
        "http_req_duration{expected_response:true}": {
            "p(95)": 96.8356,
            "p(99)": 111.13318,
            "avg": 83.61352941176472,
            "min": 69.114,
            "med": 81.887,
            "max": 203.711,
            "p(90)": 91.7463
        }
    }
}