{
    "root_group": {
        "name": "",
        "path": "",
        "id": "d41d8cd98f00b204e9800998ecf8427e",
        "groups": {},
        "checks": {
                "add-item 200": {
                    "name": "add-item 200",
                    "path": "::add-item 200",
                    "id": "33c9fa24edc9e82dc71c99a3b7d11540",
                    "passes": 6627,
                    "fails": 0
                },
                "has items": {
                    "passes": 6627,
                    "fails": 0,
                    "name": "has items",
                    "path": "::has items",
                    "id": "a26ba3373a464cabfd3ac187534f4261"
                },
                "checkout 200": {
                    "id": "acab75c6e41819050be5685e71d4a1fb",
                    "passes": 6627,
                    "fails": 0,
                    "name": "checkout 200",
                    "path": "::checkout 200"
                },
                "order created": {
                    "id": "5e7ce872bb14a562c4b9054c8eda7170",
                    "passes": 6627,
                    "fails": 0,
                    "name": "order created",
                    "path": "::order created"
                }
            }
    },
    "metrics": {
        "target_success": {
            "count": 6627,
            "rate": 15.775374098285436
        },
        "http_req_duration": {
            "med": 269.6595,
            "max": 4709.206,
            "p(90)": 3220.7113000000004,
            "p(95)": 3466.38935,
            "p(99)": 3893.5354500000003,
            "avg": 1356.2411319903754,
            "min": 76.235
        },
        "iteration_duration": {
            "avg": 2724.266003811528,
            "min": 300.231625,
            "med": 2944.717875,
            "max": 4906.857458,
            "p(90)": 3643.1646418,
            "p(95)": 3839.7595999,
            "p(99)": 4213.18548658
        },
        "vus_max": {
            "value": 50,
            "min": 50,
            "max": 50
        },
        "http_req_failed": {
            "passes": 0,
            "fails": 13304,
            "value": 0
        },
        "data_sent": {
            "count": 4298491,
            "rate": 10232.428486964398
        },
        "target_duration": {
            "max": 4710,
            "p(90)": 3467,
            "p(95)": 3667.7,
            "p(99)": 4030.74,
            "avg": 2549.8353704542023,
            "min": 221,
            "med": 2761,
            "thresholds": {
                "p(95)<5000": false
            }
        },
        "http_req_duration{expected_response:true}": {
            "avg": 1356.2411319903754,
            "min": 76.235,
            "med": 269.6595,
            "max": 4709.206,
            "p(90)": 3220.7113000000004,
            "p(95)": 3466.38935,
            "p(99)": 3893.5354500000003
        },
        "data_received": {
            "count": 34712902,
            "rate": 82633.01872447875
        },
        "http_req_blocked": {
            "med": 0.001,
            "max": 152.861,
            "p(90)": 0.001,
            "p(95)": 0.002,
            "p(99)": 0.003,
            "avg": 0.4358341852075653,
            "min": 0
        },
        "iterations": {
            "rate": 15.775374098285436,
            "count": 6627
        },
        "http_req_sending": {
            "min": 0.018,
            "med": 0.072,
            "max": 15.049,
            "p(90)": 0.239,
            "p(95)": 0.33,
            "p(99)": 0.9226399999999986,
            "avg": 0.12713943174984957
        },
        "http_reqs": {
            "count": 13304,
            "rate": 31.66977169210645
        },
        "http_req_waiting": {
            "max": 4709.057,
            "p(90)": 3220.5690000000004,
            "p(95)": 3465.7399499999997,
            "p(99)": 3893.42274,
            "avg": 1355.8326211665646,
            "min": 76.153,
            "med": 266.067
        },
        "http_req_connecting": {
            "p(90)": 0,
            "p(95)": 0,
            "p(99)": 0,
            "avg": 0.19469039386650627,
            "min": 0,
            "med": 0,
            "max": 60.06
        },
        "checks": {
            "passes": 26508,
            "fails": 0,
            "value": 1
        },
        "vus": {
            "value": 1,
            "min": 0,
            "max": 50
        },
        "http_req_tls_handshaking": {
            "max": 72.339,
            "p(90)": 0,
            "p(95)": 0,
            "p(99)": 0,
            "avg": 0.23712605231509318,
            "min": 0,
            "med": 0
        },
        "http_req_receiving": {
            "p(95)": 0.254,
            "p(99)": 0.8878799999999996,
            "avg": 0.2813713920625376,
            "min": 0.009,
            "med": 0.061,
            "max": 56.909,
            "p(90)": 0.179
        }
    }
}