{
    "metrics": {
        "http_req_failed": {
            "passes": 738,
            "fails": 12154,
            "value": 0.05724480297859137
        },
        "target_success": {
            "count": 5901,
            "rate": 11.58398581901844
        },
        "data_sent": {
            "rate": 8810.870699683775,
            "count": 4488347
        },
        "http_req_receiving": {
            "avg": 0.7243438566553095,
            "min": 0,
            "med": 0.042,
            "max": 961.024,
            "p(90)": 0.091,
            "p(95)": 0.12644999999999942,
            "p(99)": 45.99697
        },
        "http_req_duration{expected_response:true}": {
            "p(90)": 7937.466900000004,
            "p(95)": 10426.47235,
            "p(99)": 25549.219759999974,
            "avg": 3726.7885099555824,
            "min": 73.592,
            "med": 2415.3965,
            "max": 59992.229
        },
        "checks": {
            "passes": 24002,
            "fails": 1382,
            "value": 0.9455562559092342
        },
        "data_received": {
            "count": 37607164,
            "rate": 73824.92026258276
        },
        "target_duration": {
            "p(90)": 10642.1,
            "p(95)": 16010,
            "p(99)": 60002.71,
            "avg": 7236.932859399684,
            "min": 139,
            "med": 4950.5,
            "max": 60010,
            "thresholds": {
                "p(95)<5000": true
            }
        },
        "vus_max": {
            "value": 200,
            "min": 200,
            "max": 200
        },
        "http_req_duration": {
            "p(90)": 9707.494300000008,
            "p(95)": 28549.98249999996,
            "p(99)": 60002.01608,
            "avg": 6066.174570043429,
            "min": 73.592,
            "med": 2737.428,
            "max": 60008.287
        },
        "http_req_tls_handshaking": {
            "p(90)": 0,
            "p(95)": 0,
            "p(99)": 60.123239999999996,
            "avg": 0.9669996897300652,
            "min": 0,
            "med": 0,
            "max": 133.192
        },
        "http_req_sending": {
            "min": 0.016,
            "med": 0.052,
            "max": 30.017,
            "p(90)": 0.083,
            "p(95)": 0.101,
            "p(99)": 0.244,
            "avg": 0.06551605646912767
        },
        "http_req_blocked": {
            "avg": 1.7839980608129675,
            "min": 0,
            "med": 0,
            "max": 208.342,
            "p(90)": 0.001,
            "p(95)": 0.001,
            "p(99)": 112.01081
        },
        "http_req_connecting": {
            "min": 0,
            "med": 0,
            "max": 68.829,
            "p(90)": 0,
            "p(95)": 0,
            "p(99)": 50.53818,
            "avg": 0.8081939187092763
        },
        "http_reqs": {
            "rate": 25.307701267375993,
            "count": 12892
        },
        "iteration_duration": {
            "min": 301.902417,
            "med": 5507.752604,
            "max": 180002.673917,
            "p(90)": 24596.399174700004,
            "p(95)": 62410.694437349994,
            "p(99)": 81858.55535360998,
            "avg": 12200.393494340926
        },
        "http_req_waiting": {
            "p(95)": 28549.889449999955,
            "p(99)": 60001.9499,
            "avg": 6065.384710130346,
            "min": 73.483,
            "med": 2737.3575,
            "max": 60008.232,
            "p(90)": 9707.380900000007
        },
        "vus": {
            "max": 200,
            "value": 1,
            "min": 1
        },
        "iterations": {
            "rate": 12.426136287813376,
            "count": 6330
        },
        "target_fail": {
            "count": 429,
            "rate": 0.8421504687949349
        }
    },
    "root_group": {
        "checks": {
            "add-item 200": {
                "name": "add-item 200",
                "path": "::add-item 200",
                "id": "33c9fa24edc9e82dc71c99a3b7d11540",
                "passes": 6100,
                "fails": 262
            },
            "has items": {
                "passes": 6100,
                "fails": 262,
                "name": "has items",
                "path": "::has items",
                "id": "a26ba3373a464cabfd3ac187534f4261"
            },
            "checkout 200": {
                "passes": 5901,
                "fails": 429,
                "name": "checkout 200",
                "path": "::checkout 200",
                "id": "acab75c6e41819050be5685e71d4a1fb"
            },
            "order created": {
                "name": "order created",
                "path": "::order created",
                "id": "5e7ce872bb14a562c4b9054c8eda7170",
                "passes": 5901,
                "fails": 429
            }
        },
        "name": "",
        "path": "",
        "id": "d41d8cd98f00b204e9800998ecf8427e",
        "groups": {}
    }
}