{
    "metrics": {
        "iteration_duration": {
            "min": 73.849458,
            "med": 926.4198125,
            "max": 82004.6865,
            "p(90)": 3105.1518964000006,
            "p(95)": 8698.059900049995,
            "p(99)": 60000.559994259995,
            "avg": 2838.7407320517054
        },
        "http_reqs": {
            "count": 75858,
            "rate": 133.1389782961351
        },
        "http_req_blocked": {
            "p(90)": 0.001,
            "p(95)": 0.001,
            "p(99)": 0.001,
            "avg": 13.854266089269203,
            "min": 0,
            "med": 0,
            "max": 57629.011
        },
        "data_sent": {
            "count": 12891412,
            "rate": 22625.81959021508
        },
        "data_received": {
            "count": 259754869,
            "rate": 455897.8336642993
        },
        "http_req_waiting": {
            "p(90)": 2971.0349,
            "p(95)": 7420.816999999992,
            "p(99)": 60000.09,
            "avg": 2714.7975128529447,
            "min": 0,
            "med": 919.0355,
            "max": 60041.281
        },
        "iterations": {
            "count": 75358,
            "rate": 132.26142432492483
        },
        "vus": {
            "max": 500,
            "value": 2,
            "min": 2
        },
        "target_duration": {
            "min": 74,
            "med": 923,
            "max": 60058,
            "p(90)": 3034,
            "p(95)": 8529.149999999996,
            "p(99)": 60000,
            "avg": 2797.1306961437404,
            "thresholds": {
                "p(95)<5000": true
            }
        },
        "http_req_duration": {
            "p(99)": 60000.13029,
            "avg": 2715.4713563236432,
            "min": 0,
            "med": 919.3275,
            "max": 60041.372,
            "p(90)": 2971.4829,
            "p(95)": 7423.079149999998
        },
        "http_req_sending": {
            "p(95)": 0.072,
            "p(99)": 0.233,
            "avg": 0.04883132958949205,
            "min": 0,
            "med": 0.03,
            "max": 30.863,
            "p(90)": 0.055
        },
        "http_req_connecting": {
            "p(99)": 0,
            "avg": 4.5939600437659855,
            "min": 0,
            "med": 0,
            "max": 11372.593,
            "p(90)": 0,
            "p(95)": 0
        },
        "target_fail": {
            "count": 1823,
            "rate": 3.199561779032591
        },
        "vus_max": {
            "value": 500,
            "min": 500,
            "max": 500
        },
        "http_req_failed": {
            "passes": 1856,
            "fails": 74002,
            "value": 0.024466766853858526
        },
        "target_success": {
            "count": 73535,
            "rate": 129.06186254589224
        },
        "http_req_tls_handshaking": {
            "p(99)": 0,
            "avg": 9.330756703314085,
            "min": 0,
            "med": 0,
            "max": 54229.578,
            "p(90)": 0,
            "p(95)": 0
        },
        "checks": {
            "passes": 147070,
            "fails": 3646,
            "value": 0.975808805966188
        },
        "http_req_duration{expected_response:true}": {
            "avg": 1584.9379763249465,
            "min": 73.594,
            "med": 908.5799999999999,
            "max": 59962.113,
            "p(90)": 2592.1326000000004,
            "p(95)": 4222.841349999992,
            "p(99)": 17854.248569999985
        },
        "http_req_receiving": {
            "avg": 0.6250121411057177,
            "min": 0,
            "med": 0.027,
            "max": 1585.129,
            "p(90)": 0.062,
            "p(95)": 0.088,
            "p(99)": 0.7584299999999994
        }
    },
    "root_group": {
        "checks": {
            "add-item 200": {
                "name": "add-item 200",
                "path": "::add-item 200",
                "id": "33c9fa24edc9e82dc71c99a3b7d11540",
                "passes": 73535,
                "fails": 1823
            },
            "has items": {
                "fails": 1823,
                "name": "has items",
                "path": "::has items",
                "id": "a26ba3373a464cabfd3ac187534f4261",
                "passes": 73535
            }
        },
        "name": "",
        "path": "",
        "id": "d41d8cd98f00b204e9800998ecf8427e",
        "groups": {}
    }
}