{
    "metrics": {
        "data_sent": {
            "count": 53356,
            "rate": 1775.1843888110284
        },
        "data_received": {
            "count": 967683,
            "rate": 32195.362375699497
        },
        "vus": {
            "value": 1,
            "min": 1,
            "max": 1
        },
        "http_req_sending": {
            "max": 1.179,
            "p(90)": 0.1532,
            "p(95)": 0.2345999999999999,
            "p(99)": 0.5823599999999999,
            "avg": 0.10214153846153856,
            "min": 0.03,
            "med": 0.075
        },
        "http_req_blocked": {
            "min": 0,
            "med": 0.001,
            "max": 155.603,
            "p(90)": 0.001,
            "p(95)": 0.002,
            "p(99)": 0.004279999999999991,
            "avg": 0.47940000000000266
        },
        "target_success": {
            "count": 323,
            "rate": 10.746393237610807
        },
        "iterations": {
            "count": 323,
            "rate": 10.746393237610807
        },
        "target_duration": {
            "p(95)": 102,
            "p(99)": 116.78,
            "avg": 91.6470588235294,
            "min": 80,
            "med": 90,
            "max": 192,
            "p(90)": 98,
            "thresholds": {
                "p(95)<5000": false
            }
        },
        "http_reqs": {
            "count": 325,
            "rate": 10.812934372209016
        },
        "http_req_duration": {
            "avg": 91.69806153846156,
            "min": 73.612,
            "med": 90.008,
            "max": 203.803,
            "p(90)": 98.1302,
            "p(95)": 101.8578,
            "p(99)": 119.23244
        },
        "http_req_receiving": {
            "med": 0.063,
            "max": 49.499,
            "p(90)": 0.15560000000000004,
            "p(95)": 0.20579999999999998,
            "p(99)": 0.3454399999999998,
            "avg": 0.23604923076923087,
            "min": 0.02
        },
        "http_req_connecting": {
            "p(99)": 0,
            "avg": 0.15237846153846155,
            "min": 0,
            "med": 0,
            "max": 49.523,
            "p(90)": 0,
            "p(95)": 0
        },
        "http_req_tls_handshaking": {
            "max": 75.235,
            "p(90)": 0,
            "p(95)": 0,
            "p(99)": 0,
            "avg": 0.2314923076923077,
            "min": 0,
            "med": 0
        },
        "http_req_duration{expected_response:true}": {
            "p(90)": 98.1302,
            "p(95)": 101.8578,
            "p(99)": 119.23244,
            "avg": 91.69806153846156,
            "min": 73.612,
            "med": 90.008,
            "max": 203.803
        },
        "http_req_waiting": {
            "p(99)": 119.05756,
            "avg": 91.35987076923075,
            "min": 73.492,
            "med": 89.906,
            "max": 191.495,
            "p(90)": 97.9932,
            "p(95)": 101.7466
        },
        "checks": {
            "passes": 647,
            "fails": 0,
            "value": 1
        },
        "iteration_duration": {
            "min": 80.756709,
            "med": 90.174709,
            "max": 538.249042,
            "p(90)": 98.2938254,
            "p(95)": 102.0739545,
            "p(99)": 119.54504974,
            "avg": 93.03726380185755
        },
        "vus_max": {
            "value": 1,
            "min": 1,
            "max": 1
        },
        "http_req_failed": {
            "passes": 0,
            "fails": 325,
            "value": 0
        }
    },
    "root_group": {
        "id": "d41d8cd98f00b204e9800998ecf8427e",
        "groups": {},
        "checks": {
                "session init 200": {
                    "name": "session init 200",
                    "path": "::session init 200",
                    "id": "e4077ac26b182e1b20d4e4cac4180311",
                    "passes": 1,
                    "fails": 0
                },
                "add_to_cart 200": {
                    "name": "add_to_cart 200",
                    "path": "::add_to_cart 200",
                    "id": "8bd954fa760fb5e8ef98e20e934e6ec2",
                    "passes": 323,
                    "fails": 0
                },
                "has fragments": {
                    "name": "has fragments",
                    "path": "::has fragments",
                    "id": "615699412f0373c41364df6cbef6b361",
                    "passes": 323,
                    "fails": 0
                }
            },
        "name": "",
        "path": ""
    }
}