{
    "metrics": {
        "vus_max": {
            "value": 50,
            "min": 50,
            "max": 50
        },
        "http_req_waiting": {
            "med": 444.73749999999995,
            "max": 1036.165,
            "p(90)": 521.1974,
            "p(95)": 542.0767500000001,
            "p(99)": 587.03595,
            "avg": 408.4986818719066,
            "min": 88.342
        },
        "http_req_duration": {
            "p(95)": 542.1942999999999,
            "p(99)": 587.16805,
            "avg": 408.67792670121133,
            "min": 88.555,
            "med": 444.9185,
            "max": 1036.24,
            "p(90)": 521.3567
        },
        "http_req_blocked": {
            "min": 0,
            "med": 0,
            "max": 160.245,
            "p(90)": 0.001,
            "p(95)": 0.001,
            "p(99)": 0.002,
            "avg": 0.1293752897859748
        },
        "http_req_failed": {
            "passes": 0,
            "fails": 43998,
            "value": 0
        },
        "data_received": {
            "count": 157183220,
            "rate": 374183.2073816117
        },
        "checks": {
            "fails": 0,
            "passes": 87896,
            "value": 1
        },
        "vus": {
            "value": 1,
            "min": 0,
            "max": 50
        },
        "http_req_duration{expected_response:true}": {
            "p(99)": 587.16805,
            "avg": 408.67792670121133,
            "min": 88.555,
            "med": 444.9185,
            "max": 1036.24,
            "p(90)": 521.3567,
            "p(95)": 542.1942999999999
        },
        "http_req_sending": {
            "med": 0.037,
            "max": 33.423,
            "p(90)": 0.145,
            "p(95)": 0.182,
            "p(99)": 0.314,
            "avg": 0.06916980317286843,
            "min": 0.014
        },
        "iteration_duration": {
            "med": 445.6649375,
            "max": 1149.957625,
            "p(90)": 522.0737581,
            "p(95)": 543.0425147999999,
            "p(99)": 589.38769024,
            "avg": 409.6991945638696,
            "min": 89.993459
        },
        "http_reqs": {
            "count": 43998,
            "rate": 104.73963288432537
        },
        "http_req_connecting": {
            "p(95)": 0,
            "p(99)": 0,
            "avg": 0.05558116278012636,
            "min": 0,
            "med": 0,
            "max": 57.032,
            "p(90)": 0
        },
        "http_req_tls_handshaking": {
            "p(99)": 0,
            "avg": 0.07220764580208193,
            "min": 0,
            "med": 0,
            "max": 74.205,
            "p(90)": 0,
            "p(95)": 0
        },
        "target_duration": {
            "min": 89,
            "med": 445,
            "max": 1037,
            "p(90)": 522,
            "p(95)": 543,
            "p(99)": 588,
            "avg": 409.16084918540093,
            "thresholds": {
                "p(95)<5000": false
            }
        },
        "http_req_receiving": {
            "max": 55.836,
            "p(90)": 0.122,
            "p(95)": 0.15814999999999804,
            "p(99)": 0.276,
            "avg": 0.11007502613755638,
            "min": 0.008,
            "med": 0.031
        },
        "iterations": {
            "count": 43948,
            "rate": 104.62060516387862
        },
        "target_success": {
            "count": 43948,
            "rate": 104.62060516387862
        },
        "data_sent": {
            "count": 7038935,
            "rate": 16756.567748457404
        }
    },
    "root_group": {
        "id": "d41d8cd98f00b204e9800998ecf8427e",
        "groups": {},
        "checks": {
                "add-item 200": {
                    "passes": 43948,
                    "fails": 0,
                    "name": "add-item 200",
                    "path": "::add-item 200",
                    "id": "33c9fa24edc9e82dc71c99a3b7d11540"
                },
                "has items": {
                    "name": "has items",
                    "path": "::has items",
                    "id": "a26ba3373a464cabfd3ac187534f4261",
                    "passes": 43948,
                    "fails": 0
                }
            },
        "name": "",
        "path": ""
    }
}