{
    "root_group": {
        "groups": {},
        "checks": {
                "add-item 200": {
                    "name": "add-item 200",
                    "path": "::add-item 200",
                    "id": "33c9fa24edc9e82dc71c99a3b7d11540",
                    "passes": 295,
                    "fails": 0
                },
                "has items": {
                    "name": "has items",
                    "path": "::has items",
                    "id": "a26ba3373a464cabfd3ac187534f4261",
                    "passes": 295,
                    "fails": 0
                }
            },
        "name": "",
        "path": "",
        "id": "d41d8cd98f00b204e9800998ecf8427e"
    },
    "metrics": {
        "checks": {
            "passes": 590,
            "fails": 0,
            "value": 1
        },
        "http_req_waiting": {
            "min": 88.227,
            "med": 96.708,
            "max": 930.786,
            "p(90)": 103.6045,
            "p(95)": 107.46,
            "p(99)": 112.02744999999999,
            "avg": 100.23663851351347
        },
        "data_sent": {
            "count": 49078,
            "rate": 1631.0376108406342
        },
        "http_req_tls_handshaking": {
            "p(95)": 0,
            "p(99)": 0,
            "avg": 0.2159054054054054,
            "min": 0,
            "med": 0,
            "max": 63.908,
            "p(90)": 0
        },
        "http_req_failed": {
            "passes": 0,
            "fails": 296,
            "value": 0
        },
        "target_duration": {
            "avg": 98.11525423728814,
            "min": 88,
            "med": 98,
            "max": 164,
            "p(90)": 105,
            "p(95)": 108,
            "p(99)": 111.11999999999999,
            "thresholds": {
                "p(95)<5000": false
            }
        },
        "http_req_blocked": {
            "min": 0,
            "med": 0.001,
            "max": 147.72,
            "p(90)": 0.002,
            "p(95)": 0.002,
            "p(99)": 0.0030999999999999947,
            "avg": 0.4998513513513544
        },
        "http_req_receiving": {
            "p(99)": 0.47529999999999983,
            "avg": 0.2679763513513516,
            "min": 0.018,
            "med": 0.066,
            "max": 50.233,
            "p(90)": 0.203,
            "p(95)": 0.269
        },
        "http_reqs": {
            "count": 296,
            "rate": 9.837139508717302
        },
        "http_req_connecting": {
            "p(95)": 0,
            "p(99)": 0,
            "avg": 0.16173986486486486,
            "min": 0,
            "med": 0,
            "max": 47.875,
            "p(90)": 0
        },
        "vus": {
            "value": 1,
            "min": 1,
            "max": 1
        },
        "http_req_duration": {
            "p(90)": 103.896,
            "p(95)": 107.80725,
            "p(99)": 112.20284999999998,
            "avg": 100.62034797297297,
            "min": 88.359,
            "med": 97.033,
            "max": 981.146
        },
        "iteration_duration": {
            "avg": 101.98098134237293,
            "min": 88.57925,
            "med": 97.525458,
            "max": 1293.451208,
            "p(90)": 104.3360832,
            "p(95)": 107.51459119999998,
            "p(99)": 111.27892302
        },
        "http_req_duration{expected_response:true}": {
            "avg": 100.62034797297297,
            "min": 88.359,
            "med": 97.033,
            "max": 981.146,
            "p(90)": 103.896,
            "p(95)": 107.80725,
            "p(99)": 112.20284999999998
        },
        "target_success": {
            "count": 295,
            "rate": 9.80390592929596
        },
        "data_received": {
            "count": 1044514,
            "rate": 34712.93897570386
        },
        "vus_max": {
            "value": 1,
            "min": 1,
            "max": 1
        },
        "http_req_sending": {
            "avg": 0.11573310810810812,
            "min": 0.031,
            "med": 0.0745,
            "max": 1.116,
            "p(90)": 0.25550000000000006,
            "p(95)": 0.2949999999999999,
            "p(99)": 0.41984999999999945
        },
        "iterations": {
            "count": 295,
            "rate": 9.80390592929596
        }
    }
}