{
    "root_group": {
        "name": "",
        "path": "",
        "id": "d41d8cd98f00b204e9800998ecf8427e",
        "groups": {},
        "checks": {
                "session init 200": {
                    "name": "session init 200",
                    "path": "::session init 200",
                    "id": "e4077ac26b182e1b20d4e4cac4180311",
                    "passes": 1,
                    "fails": 0
                },
                "add_to_cart 200": {
                    "name": "add_to_cart 200",
                    "path": "::add_to_cart 200",
                    "id": "8bd954fa760fb5e8ef98e20e934e6ec2",
                    "passes": 58,
                    "fails": 0
                },
                "has fragments": {
                    "name": "has fragments",
                    "path": "::has fragments",
                    "id": "615699412f0373c41364df6cbef6b361",
                    "passes": 58,
                    "fails": 0
                }
            }
    },
    "metrics": {
        "http_req_duration": {
            "max": 1348.959,
            "p(90)": 538.0266,
            "p(95)": 589.3706999999999,
            "p(99)": 923.9507299999997,
            "avg": 503.0004833333334,
            "min": 69.845,
            "med": 485.179
        },
        "iteration_duration": {
            "p(90)": 540.0554961,
            "p(95)": 590.08560445,
            "p(99)": 1249.4093071899993,
            "avg": 523.4746696206896,
            "min": 466.716875,
            "med": 485.627229,
            "max": 2071.958542
        },
        "vus": {
            "min": 1,
            "max": 1,
            "value": 1
        },
        "vus_max": {
            "value": 1,
            "min": 1,
            "max": 1
        },
        "http_reqs": {
            "count": 60,
            "rate": 1.976115027020903
        },
        "target_duration": {
            "p(99)": 607.34,
            "avg": 496.1896551724138,
            "min": 467,
            "med": 485,
            "max": 629,
            "p(90)": 531.4,
            "p(95)": 569.5999999999999,
            "thresholds": {
                "p(95)<5000": false
            }
        },
        "target_success": {
            "count": 58,
            "rate": 1.9102445261202061
        },
        "http_req_blocked": {
            "p(99)": 65.36432999999992,
            "avg": 2.657800000000003,
            "min": 0,
            "med": 0.001,
            "max": 159.418,
            "p(90)": 0.002,
            "p(95)": 0.0020499999999999976
        },
        "http_req_waiting": {
            "avg": 497.14583333333326,
            "min": 69.707,
            "med": 484.93399999999997,
            "max": 1009.903,
            "p(90)": 537.7734,
            "p(95)": 589.033,
            "p(99)": 784.8451399999998
        },
        "http_req_sending": {
            "p(95)": 0.32144999999999957,
            "p(99)": 0.7569199999999997,
            "avg": 0.1319333333333333,
            "min": 0.043,
            "med": 0.08,
            "max": 1.059,
            "p(90)": 0.27690000000000003
        },
        "data_sent": {
            "count": 11351,
            "rate": 373.8480278619045
        },
        "http_req_connecting": {
            "p(95)": 0,
            "p(99)": 20.663179999999976,
            "avg": 0.8399666666666668,
            "min": 0,
            "med": 0,
            "max": 50.398,
            "p(90)": 0
        },
        "http_req_duration{expected_response:true}": {
            "p(90)": 538.0266,
            "p(95)": 589.3706999999999,
            "p(99)": 923.9507299999997,
            "avg": 503.0004833333334,
            "min": 69.845,
            "med": 485.179,
            "max": 1348.959
        },
        "http_req_tls_handshaking": {
            "max": 70.442,
            "p(90)": 0,
            "p(95)": 0,
            "p(99)": 28.88121999999996,
            "avg": 1.1740333333333333,
            "min": 0,
            "med": 0
        },
        "http_req_failed": {
            "passes": 0,
            "fails": 60,
            "value": 0
        },
        "data_received": {
            "count": 217023,
            "rate": 7147.706858485957
        },
        "iterations": {
            "count": 58,
            "rate": 1.9102445261202061
        },
        "checks": {
            "passes": 117,
            "fails": 0,
            "value": 1
        },
        "http_req_receiving": {
            "p(99)": 138.76520999999983,
            "avg": 5.722716666666671,
            "min": 0.035,
            "med": 0.064,
            "max": 337.997,
            "p(90)": 0.19770000000000004,
            "p(95)": 0.24134999999999981
        }
    }
}