{
    "root_group": {
        "name": "",
        "path": "",
        "id": "d41d8cd98f00b204e9800998ecf8427e",
        "groups": {},
        "checks": {
                "add-item 200": {
                    "fails": 0,
                    "name": "add-item 200",
                    "path": "::add-item 200",
                    "id": "33c9fa24edc9e82dc71c99a3b7d11540",
                    "passes": 82
                },
                "has items": {
                    "path": "::has items",
                    "id": "a26ba3373a464cabfd3ac187534f4261",
                    "passes": 82,
                    "fails": 0,
                    "name": "has items"
                },
                "checkout 200": {
                    "id": "acab75c6e41819050be5685e71d4a1fb",
                    "passes": 82,
                    "fails": 0,
                    "name": "checkout 200",
                    "path": "::checkout 200"
                },
                "order created": {
                    "passes": 82,
                    "fails": 0,
                    "name": "order created",
                    "path": "::order created",
                    "id": "5e7ce872bb14a562c4b9054c8eda7170"
                }
            }
    },
    "metrics": {
        "http_req_failed": {
            "passes": 0,
            "fails": 165,
            "value": 0
        },
        "data_received": {
            "count": 451434,
            "rate": 15001.210241313212
        },
        "target_duration": {
            "p(99)": 292.37,
            "avg": 267.4024390243902,
            "min": 251,
            "med": 265,
            "max": 311,
            "p(90)": 280,
            "p(95)": 283,
            "thresholds": {
                "p(95)<5000": false
            }
        },
        "http_req_connecting": {
            "avg": 0.29383030303030305,
            "min": 0,
            "med": 0,
            "max": 48.482,
            "p(90)": 0,
            "p(95)": 0,
            "p(99)": 0
        },
        "iterations": {
            "count": 82,
            "rate": 2.724870611845106
        },
        "http_reqs": {
            "count": 165,
            "rate": 5.482971353102957
        },
        "target_success": {
            "count": 82,
            "rate": 2.724870611845106
        },
        "vus_max": {
            "value": 1,
            "min": 1,
            "max": 1
        },
        "http_req_receiving": {
            "max": 50.706,
            "p(90)": 0.256,
            "p(95)": 0.28459999999999996,
            "p(99)": 0.39039999999999997,
            "avg": 0.42768484848484883,
            "min": 0.017,
            "med": 0.105
        },
        "iteration_duration": {
            "max": 727.716916,
            "p(90)": 376.6807128,
            "p(95)": 381.67198895,
            "p(99)": 478.40391207999977,
            "avg": 366.97049191463407,
            "min": 345.901167,
            "med": 359.493917
        },
        "vus": {
            "value": 1,
            "min": 1,
            "max": 1
        },
        "data_sent": {
            "count": 55069,
            "rate": 1829.949996630465
        },
        "http_req_sending": {
            "avg": 0.14833333333333337,
            "min": 0.036,
            "med": 0.105,
            "max": 0.816,
            "p(90)": 0.2966,
            "p(95)": 0.3136,
            "p(99)": 0.42355999999999994
        },
        "http_req_blocked": {
            "avg": 0.6846787878787882,
            "min": 0,
            "med": 0.001,
            "max": 112.801,
            "p(90)": 0.002,
            "p(95)": 0.002,
            "p(99)": 0.003
        },
        "http_req_tls_handshaking": {
            "p(95)": 0,
            "p(99)": 0,
            "avg": 0.38226666666666664,
            "min": 0,
            "med": 0,
            "max": 63.074,
            "p(90)": 0
        },
        "http_req_duration": {
            "p(99)": 286.78488,
            "avg": 181.110103030303,
            "min": 86.942,
            "med": 197.482,
            "max": 310.511,
            "p(90)": 272.375,
            "p(95)": 279.7894
        },
        "http_req_waiting": {
            "p(99)": 286.31056,
            "avg": 180.5340848484849,
            "min": 86.819,
            "med": 149.573,
            "max": 310.121,
            "p(90)": 272.0264,
            "p(95)": 279.45959999999997
        },
        "checks": {
            "passes": 328,
            "fails": 0,
            "value": 1
        },
        "http_req_duration{expected_response:true}": {
            "avg": 181.110103030303,
            "min": 86.942,
            "med": 197.482,
            "max": 310.511,
            "p(90)": 272.375,
            "p(95)": 279.7894,
            "p(99)": 286.78488
        }
    }
}