{
    "root_group": {
        "path": "",
        "id": "d41d8cd98f00b204e9800998ecf8427e",
        "groups": {},
        "checks": {
                "add-item 200": {
                    "id": "33c9fa24edc9e82dc71c99a3b7d11540",
                    "passes": 304,
                    "fails": 0,
                    "name": "add-item 200",
                    "path": "::add-item 200"
                },
                "has items": {
                    "name": "has items",
                    "path": "::has items",
                    "id": "a26ba3373a464cabfd3ac187534f4261",
                    "passes": 304,
                    "fails": 0
                }
            },
        "name": ""
    },
    "metrics": {
        "http_req_duration{expected_response:true}": {
            "p(90)": 101.0448,
            "p(95)": 105.341,
            "p(99)": 111.81031999999999,
            "avg": 97.32399016393445,
            "min": 83.576,
            "med": 93.244,
            "max": 1055.881
        },
        "http_req_sending": {
            "p(90)": 0.28459999999999996,
            "p(95)": 0.30639999999999995,
            "p(99)": 0.7115599999999991,
            "avg": 0.14954098360655735,
            "min": 0.026,
            "med": 0.09,
            "max": 2.669
        },
        "target_success": {
            "count": 304,
            "rate": 10.116999101051382
        },
        "http_req_connecting": {
            "avg": 0.18338360655737707,
            "min": 0,
            "med": 0,
            "max": 55.932,
            "p(90)": 0,
            "p(95)": 0,
            "p(99)": 0
        },
        "vus": {
            "value": 1,
            "min": 1,
            "max": 1
        },
        "http_reqs": {
            "count": 305,
            "rate": 10.150278703357474
        },
        "http_req_tls_handshaking": {
            "med": 0,
            "max": 66.478,
            "p(90)": 0,
            "p(95)": 0,
            "p(99)": 0,
            "avg": 0.2179606557377049,
            "min": 0
        },
        "http_req_blocked": {
            "p(90)": 0.002,
            "p(95)": 0.002,
            "p(99)": 0.003,
            "avg": 0.5200491803278725,
            "min": 0,
            "med": 0.001,
            "max": 158.309
        },
        "http_req_waiting": {
            "med": 92.919,
            "max": 999.841,
            "p(90)": 100.6186,
            "p(95)": 104.98079999999999,
            "p(99)": 111.66436,
            "avg": 96.86645901639349,
            "min": 83.326
        },
        "iteration_duration": {
            "max": 1391.411458,
            "p(90)": 101.89305,
            "p(95)": 105.65119999999997,
            "p(99)": 112.08087551,
            "avg": 98.82412049013162,
            "min": 84.035292,
            "med": 93.997646
        },
        "http_req_receiving": {
            "p(99)": 0.55812,
            "avg": 0.3079901639344265,
            "min": 0.014,
            "med": 0.071,
            "max": 55.85,
            "p(90)": 0.25,
            "p(95)": 0.3013999999999999
        },
        "data_sent": {
            "count": 50434,
            "rate": 1678.4234627053468
        },
        "data_received": {
            "count": 1074551,
            "rate": 35760.6299376114
        },
        "target_duration": {
            "min": 84,
            "med": 94,
            "max": 176,
            "p(90)": 102,
            "p(95)": 105.69999999999997,
            "p(99)": 111.97,
            "avg": 94.78289473684211,
            "thresholds": {
                "p(95)<5000": false
            }
        },
        "http_req_failed": {
            "passes": 0,
            "fails": 305,
            "value": 0
        },
        "http_req_duration": {
            "p(90)": 101.0448,
            "p(95)": 105.341,
            "p(99)": 111.81031999999999,
            "avg": 97.32399016393445,
            "min": 83.576,
            "med": 93.244,
            "max": 1055.881
        },
        "iterations": {
            "count": 304,
            "rate": 10.116999101051382
        },
        "checks": {
            "passes": 608,
            "fails": 0,
            "value": 1
        },
        "vus_max": {
            "min": 1,
            "max": 1,
            "value": 1
        }
    }
}