{
    "metrics": {
        "vus_max": {
            "value": 50,
            "min": 50,
            "max": 50
        },
        "http_req_blocked": {
            "med": 0,
            "max": 966.091,
            "p(90)": 0.001,
            "p(95)": 0.001,
            "p(99)": 0.002,
            "avg": 0.1597272009555638,
            "min": 0
        },
        "target_fail": {
            "count": 7,
            "rate": 0.016663103976014424
        },
        "data_sent": {
            "count": 7899361,
            "rate": 18803.98195529618
        },
        "http_req_duration{expected_response:true}": {
            "p(99)": 502.29797999999994,
            "avg": 361.5239132653047,
            "min": 82.356,
            "med": 386.0505,
            "max": 44556.698,
            "p(90)": 444.36359999999996,
            "p(95)": 460.86099999999993
        },
        "vus": {
            "value": 1,
            "min": 0,
            "max": 50
        },
        "http_reqs": {
            "count": 49399,
            "rate": 117.59152475873378
        },
        "http_req_receiving": {
            "max": 67.957,
            "p(90)": 0.117,
            "p(95)": 0.149,
            "p(99)": 0.266,
            "avg": 0.10477993481650028,
            "min": 0,
            "med": 0.029
        },
        "data_received": {
            "count": 175124344,
            "rate": 416873.5932576168
        },
        "http_req_duration": {
            "med": 386.047,
            "max": 60000.969,
            "p(90)": 444.37460000000004,
            "p(95)": 460.88359999999994,
            "p(99)": 502.43781999999993,
            "avg": 363.9238930747568,
            "min": 82.356
        },
        "http_req_waiting": {
            "p(99)": 501.87203999999997,
            "avg": 363.7526437579715,
            "min": 82.221,
            "med": 385.937,
            "max": 60000.92,
            "p(90)": 444.2554,
            "p(95)": 460.6882
        },
        "checks": {
            "passes": 98684,
            "fails": 14,
            "value": 0.9998581531540659
        },
        "http_req_connecting": {
            "med": 0,
            "max": 62.271,
            "p(90)": 0,
            "p(95)": 0,
            "p(99)": 0,
            "avg": 0.05430893337921821,
            "min": 0
        },
        "iteration_duration": {
            "avg": 364.87924364919235,
            "min": 82.643875,
            "med": 386.583083,
            "max": 60001.301375,
            "p(90)": 444.9216336,
            "p(95)": 461.872258,
            "p(99)": 505.33747999999997
        },
        "http_req_sending": {
            "max": 13.342,
            "p(90)": 0.142,
            "p(95)": 0.176,
            "p(99)": 0.299,
            "avg": 0.06646938197129143,
            "min": 0.013,
            "med": 0.036
        },
        "target_success": {
            "count": 49342,
            "rate": 117.45583948350051
        },
        "target_duration": {
            "min": 83,
            "med": 386,
            "max": 60001,
            "p(90)": 445,
            "p(95)": 461,
            "p(99)": 503,
            "avg": 364.405317230339,
            "thresholds": {
                "p(95)<5000": false
            }
        },
        "http_req_tls_handshaking": {
            "p(95)": 0,
            "p(99)": 0,
            "avg": 0.10117449745946278,
            "min": 0,
            "med": 0,
            "max": 852.604,
            "p(90)": 0
        },
        "http_req_failed": {
            "passes": 7,
            "fails": 49392,
            "value": 0.00014170327334561429
        },
        "iterations": {
            "count": 49349,
            "rate": 117.47250258747653
        }
    },
    "root_group": {
        "name": "",
        "path": "",
        "id": "d41d8cd98f00b204e9800998ecf8427e",
        "groups": {},
        "checks": {
                "add-item 200": {
                    "passes": 49342,
                    "fails": 7,
                    "name": "add-item 200",
                    "path": "::add-item 200",
                    "id": "33c9fa24edc9e82dc71c99a3b7d11540"
                },
                "has items": {
                    "passes": 49342,
                    "fails": 7,
                    "name": "has items",
                    "path": "::has items",
                    "id": "a26ba3373a464cabfd3ac187534f4261"
                }
            }
    }
}