{
    "root_group": {
        "path": "",
        "id": "d41d8cd98f00b204e9800998ecf8427e",
        "groups": {},
        "checks": {
                "session init 200": {
                    "fails": 0,
                    "name": "session init 200",
                    "path": "::session init 200",
                    "id": "e4077ac26b182e1b20d4e4cac4180311",
                    "passes": 1
                },
                "add_to_cart 200": {
                    "id": "8bd954fa760fb5e8ef98e20e934e6ec2",
                    "passes": 68,
                    "fails": 0,
                    "name": "add_to_cart 200",
                    "path": "::add_to_cart 200"
                },
                "has fragments": {
                    "id": "615699412f0373c41364df6cbef6b361",
                    "passes": 68,
                    "fails": 0,
                    "name": "has fragments",
                    "path": "::has fragments"
                },
                "checkout 200": {
                    "name": "checkout 200",
                    "path": "::checkout 200",
                    "id": "acab75c6e41819050be5685e71d4a1fb",
                    "passes": 68,
                    "fails": 0
                },
                "checkout success": {
                    "name": "checkout success",
                    "path": "::checkout success",
                    "id": "4237776e896afa89f47aaef1b51a35d6",
                    "passes": 68,
                    "fails": 0
                }
            },
        "name": ""
    },
    "metrics": {
        "vus": {
            "min": 1,
            "max": 1,
            "value": 1
        },
        "vus_max": {
            "value": 1,
            "min": 1,
            "max": 1
        },
        "http_req_receiving": {
            "p(95)": 0.23674999999999996,
            "p(99)": 0.36454999999999993,
            "avg": 4.4583640776699065,
            "min": 0.012,
            "med": 0.069,
            "max": 899.98,
            "p(90)": 0.18750000000000003
        },
        "http_req_connecting": {
            "max": 55.115,
            "p(90)": 0,
            "p(95)": 0,
            "p(99)": 0,
            "avg": 0.2675485436893204,
            "min": 0,
            "med": 0
        },
        "http_req_duration": {
            "p(99)": 317.3314499999999,
            "avg": 145.42839805825244,
            "min": 67.804,
            "med": 96.7065,
            "max": 1139.053,
            "p(90)": 236.909,
            "p(95)": 243.58125
        },
        "http_req_duration{expected_response:true}": {
            "min": 67.804,
            "med": 96.7065,
            "max": 1139.053,
            "p(90)": 236.909,
            "p(95)": 243.58125,
            "p(99)": 317.3314499999999,
            "avg": 145.42839805825244
        },
        "data_received": {
            "count": 273977,
            "rate": 9086.638253613775
        },
        "http_req_blocked": {
            "avg": 0.613135922330098,
            "min": 0,
            "med": 0.001,
            "max": 125.733,
            "p(90)": 0.002,
            "p(95)": 0.002,
            "p(99)": 0.026799999999999956
        },
        "http_req_sending": {
            "med": 0.095,
            "max": 1.936,
            "p(90)": 0.3145,
            "p(95)": 0.4204999999999999,
            "p(99)": 0.6899999999999996,
            "avg": 0.160504854368932,
            "min": 0.018
        },
        "target_success": {
            "count": 68,
            "rate": 2.2552674175048883
        },
        "http_req_failed": {
            "passes": 0,
            "fails": 206,
            "value": 0
        },
        "http_req_waiting": {
            "max": 1138.445,
            "p(90)": 236.5025,
            "p(95)": 242.89974999999998,
            "p(99)": 262.6477,
            "avg": 140.8095291262136,
            "min": 67.761,
            "med": 96.33699999999999
        },
        "http_reqs": {
            "rate": 6.832133647147161,
            "count": 206
        },
        "http_req_tls_handshaking": {
            "p(95)": 0,
            "p(99)": 0,
            "avg": 0.3357330097087379,
            "min": 0,
            "med": 0,
            "max": 69.161,
            "p(90)": 0
        },
        "data_sent": {
            "count": 43607,
            "rate": 1446.256562869642
        },
        "target_duration": {
            "p(99)": 282.80999999999995,
            "avg": 236.25,
            "min": 222,
            "med": 234,
            "max": 321,
            "p(90)": 245,
            "p(95)": 249.29999999999998,
            "thresholds": {
                "p(95)<5000": false
            }
        },
        "checks": {
            "fails": 0,
            "passes": 273,
            "value": 1
        },
        "iteration_duration": {
            "p(99)": 1219.7743231399986,
            "avg": 443.37922675,
            "min": 393.669417,
            "med": 408.669667,
            "max": 2819.82575,
            "p(90)": 421.20391240000004,
            "p(95)": 423.21903979999996
        },
        "iterations": {
            "count": 68,
            "rate": 2.2552674175048883
        }
    }
}