{
    "root_group": {
        "name": "",
        "path": "",
        "id": "d41d8cd98f00b204e9800998ecf8427e",
        "groups": {},
        "checks": {
                "session init 200": {
                    "id": "e4077ac26b182e1b20d4e4cac4180311",
                    "passes": 1,
                    "fails": 0,
                    "name": "session init 200",
                    "path": "::session init 200"
                },
                "add_to_cart 200": {
                    "name": "add_to_cart 200",
                    "path": "::add_to_cart 200",
                    "id": "8bd954fa760fb5e8ef98e20e934e6ec2",
                    "passes": 26,
                    "fails": 0
                },
                "has fragments": {
                    "path": "::has fragments",
                    "id": "615699412f0373c41364df6cbef6b361",
                    "passes": 26,
                    "fails": 0,
                    "name": "has fragments"
                }
            }
    },
    "metrics": {
        "http_req_duration": {
            "min": 363.794,
            "med": 1045.819,
            "max": 1397.728,
            "p(90)": 1337.0884999999998,
            "p(95)": 1346.4132,
            "p(99)": 1384.32547,
            "avg": 1077.307107142857
        },
        "http_req_duration{expected_response:true}": {
            "min": 363.794,
            "med": 1045.819,
            "max": 1397.728,
            "p(90)": 1337.0884999999998,
            "p(95)": 1346.4132,
            "p(99)": 1384.32547,
            "avg": 1077.307107142857
        },
        "http_req_waiting": {
            "med": 1045.6734999999999,
            "max": 1397.631,
            "p(90)": 1336.9181,
            "p(95)": 1346.2543,
            "p(99)": 1384.22442,
            "avg": 1072.7268214285716,
            "min": 245.104
        },
        "target_success": {
            "rate": 0.8565648829285004,
            "count": 26
        },
        "http_req_receiving": {
            "med": 0.082,
            "max": 118.165,
            "p(90)": 0.37550000000000017,
            "p(95)": 1.2845999999999986,
            "p(99)": 86.71350999999999,
            "avg": 4.389857142857142,
            "min": 0.039
        },
        "http_req_blocked": {
            "p(95)": 0.002,
            "p(99)": 126.64239999999995,
            "avg": 6.196464285714289,
            "min": 0,
            "med": 0.001,
            "max": 173.482,
            "p(90)": 0.002
        },
        "iterations": {
            "rate": 0.8565648829285004,
            "count": 26
        },
        "http_req_failed": {
            "fails": 28,
            "passes": 0,
            "value": 0
        },
        "checks": {
            "passes": 53,
            "fails": 0,
            "value": 1
        },
        "http_req_tls_handshaking": {
            "max": 78.646,
            "p(90)": 0,
            "p(95)": 0,
            "p(99)": 57.41157999999998,
            "avg": 2.8087857142857144,
            "min": 0,
            "med": 0
        },
        "data_sent": {
            "count": 6233,
            "rate": 205.3449582805132
        },
        "http_reqs": {
            "count": 28,
            "rate": 0.9224544893076159
        },
        "http_req_connecting": {
            "p(90)": 0,
            "p(95)": 0,
            "p(99)": 37.55630999999999,
            "avg": 1.8373928571428573,
            "min": 0,
            "med": 0,
            "max": 51.447
        },
        "http_req_sending": {
            "med": 0.0905,
            "max": 0.647,
            "p(90)": 0.4914,
            "p(95)": 0.5633499999999999,
            "p(99)": 0.6299899999999999,
            "avg": 0.1904285714285714,
            "min": 0.028
        },
        "vus_max": {
            "value": 1,
            "min": 1,
            "max": 1
        },
        "data_received": {
            "count": 122507,
            "rate": 4035.9690043431465
        },
        "iteration_duration": {
            "max": 2564.679625,
            "p(90)": 1345.9581455,
            "p(95)": 1385.491802,
            "p(99)": 2272.97196875,
            "avg": 1167.3974261538458,
            "min": 995.02525,
            "med": 1053.9659375
        },
        "target_duration": {
            "max": 1397,
            "p(90)": 1339.5,
            "p(95)": 1347,
            "p(99)": 1384.75,
            "avg": 1110.8076923076924,
            "min": 995,
            "med": 1054,
            "thresholds": {
                "p(95)<5000": false
            }
        },
        "vus": {
            "value": 1,
            "min": 1,
            "max": 1
        }
    }
}