{
    "root_group": {
        "path": "",
        "id": "d41d8cd98f00b204e9800998ecf8427e",
        "groups": {},
        "checks": {
                "add-item 200": {
                    "name": "add-item 200",
                    "path": "::add-item 200",
                    "id": "33c9fa24edc9e82dc71c99a3b7d11540",
                    "passes": 217,
                    "fails": 0
                },
                "has items": {
                    "name": "has items",
                    "path": "::has items",
                    "id": "a26ba3373a464cabfd3ac187534f4261",
                    "passes": 217,
                    "fails": 0
                }
            },
        "name": ""
    },
    "metrics": {
        "http_req_sending": {
            "p(90)": 0.3199,
            "p(95)": 0.3566,
            "p(99)": 0.42549,
            "avg": 0.14138532110091742,
            "min": 0.03,
            "med": 0.083,
            "max": 1.86
        },
        "http_req_tls_handshaking": {
            "p(90)": 0,
            "p(95)": 0,
            "p(99)": 0,
            "avg": 0.29526146788990826,
            "min": 0,
            "med": 0,
            "max": 64.367
        },
        "data_sent": {
            "count": 36718,
            "rate": 1222.38738001383
        },
        "data_received": {
            "count": 783026,
            "rate": 26067.898595313174
        },
        "http_req_connecting": {
            "p(99)": 0,
            "avg": 0.23980275229357798,
            "min": 0,
            "med": 0,
            "max": 52.277,
            "p(90)": 0,
            "p(95)": 0
        },
        "http_reqs": {
            "count": 218,
            "rate": 7.257488121439482
        },
        "http_req_failed": {
            "passes": 0,
            "fails": 218,
            "value": 0
        },
        "target_duration": {
            "min": 119,
            "med": 130,
            "max": 1044,
            "p(90)": 144.4,
            "p(95)": 148,
            "p(99)": 168.55999999999997,
            "avg": 136.90322580645162,
            "thresholds": {
                "p(95)<5000": false
            }
        },
        "vus_max": {
            "max": 1,
            "value": 1,
            "min": 1
        },
        "checks": {
            "passes": 434,
            "fails": 0,
            "value": 1
        },
        "http_req_waiting": {
            "p(90)": 143.8804,
            "p(95)": 145.784,
            "p(99)": 167.72322,
            "avg": 135.67444954128436,
            "min": 53.568,
            "med": 128.87099999999998,
            "max": 1042.461
        },
        "target_success": {
            "count": 217,
            "rate": 7.224196891524622
        },
        "iterations": {
            "count": 217,
            "rate": 7.224196891524622
        },
        "http_req_blocked": {
            "med": 0.001,
            "max": 167.493,
            "p(90)": 0.002,
            "p(95)": 0.002,
            "p(99)": 0.003,
            "avg": 0.769174311926609,
            "min": 0
        },
        "http_req_duration{expected_response:true}": {
            "p(90)": 144.10060000000001,
            "p(95)": 146.58239999999998,
            "p(99)": 168.08348999999998,
            "avg": 136.37401376146784,
            "min": 119.238,
            "med": 129.4715,
            "max": 1042.817
        },
        "http_req_receiving": {
            "p(90)": 0.2504,
            "p(95)": 0.32139999999999985,
            "p(99)": 0.43829999999999997,
            "avg": 0.5581788990825693,
            "min": 0.016,
            "med": 0.0735,
            "max": 96.607
        },
        "iteration_duration": {
            "p(90)": 144.4383246,
            "p(95)": 147.4348,
            "p(99)": 168.61914299999998,
            "avg": 138.403737718894,
            "min": 119.513125,
            "med": 130.089,
            "max": 1361.682042
        },
        "http_req_duration": {
            "min": 119.238,
            "med": 129.4715,
            "max": 1042.817,
            "p(90)": 144.10060000000001,
            "p(95)": 146.58239999999998,
            "p(99)": 168.08348999999998,
            "avg": 136.37401376146784
        },
        "vus": {
            "value": 1,
            "min": 1,
            "max": 1
        }
    }
}