{
    "metrics": {
        "http_req_duration": {
            "max": 793.813,
            "p(90)": 568.8565,
            "p(95)": 592.78525,
            "p(99)": 640.3886,
            "avg": 442.4912618367962,
            "min": 90.889,
            "med": 480.267
        },
        "http_req_receiving": {
            "avg": 0.18272615414904028,
            "min": 0.008,
            "med": 0.043,
            "max": 112.246,
            "p(90)": 0.145,
            "p(95)": 0.187,
            "p(99)": 0.328
        },
        "http_req_failed": {
            "passes": 0,
            "fails": 40636,
            "value": 0
        },
        "http_req_sending": {
            "p(99)": 0.43364999999999965,
            "avg": 0.08834745053646807,
            "min": 0.013,
            "med": 0.05,
            "max": 9.349,
            "p(90)": 0.184,
            "p(95)": 0.237
        },
        "data_sent": {
            "rate": 15486.854468184869,
            "count": 6505213
        },
        "target_success": {
            "count": 40586,
            "rate": 96.62242811200049
        },
        "data_received": {
            "count": 145796656,
            "rate": 347095.72052752343
        },
        "http_reqs": {
            "count": 40636,
            "rate": 96.74146229633993
        },
        "http_req_tls_handshaking": {
            "avg": 0.07942103061324933,
            "min": 0,
            "med": 0,
            "max": 116.587,
            "p(90)": 0,
            "p(95)": 0,
            "p(99)": 0
        },
        "checks": {
            "passes": 81172,
            "fails": 0,
            "value": 1
        },
        "vus": {
            "min": 0,
            "max": 50,
            "value": 1
        },
        "iterations": {
            "count": 40586,
            "rate": 96.62242811200049
        },
        "vus_max": {
            "max": 50,
            "value": 50,
            "min": 50
        },
        "http_req_duration{expected_response:true}": {
            "p(99)": 640.3886,
            "avg": 442.4912618367962,
            "min": 90.889,
            "med": 480.267,
            "max": 793.813,
            "p(90)": 568.8565,
            "p(95)": 592.78525
        },
        "target_duration": {
            "p(99)": 641,
            "avg": 443.3063864386734,
            "min": 91,
            "med": 481,
            "max": 794,
            "p(90)": 569,
            "p(95)": 593,
            "thresholds": {
                "p(95)<5000": false
            }
        },
        "iteration_duration": {
            "min": 91.435583,
            "med": 480.89547849999997,
            "max": 832.764375,
            "p(90)": 569.6517495,
            "p(95)": 593.47065575,
            "p(99)": 641.77263755,
            "avg": 443.6507937925658
        },
        "http_req_blocked": {
            "p(95)": 0.001,
            "p(99)": 0.002,
            "avg": 0.14289268136636615,
            "min": 0,
            "med": 0,
            "max": 212.583,
            "p(90)": 0.001
        },
        "http_req_connecting": {
            "max": 95.862,
            "p(90)": 0,
            "p(95)": 0,
            "p(99)": 0,
            "avg": 0.062034796731961786,
            "min": 0,
            "med": 0
        },
        "http_req_waiting": {
            "min": 41.627,
            "med": 480.121,
            "max": 793.677,
            "p(90)": 568.6685,
            "p(95)": 592.6189999999999,
            "p(99)": 640.22355,
            "avg": 442.220188232109
        }
    },
    "root_group": {
        "name": "",
        "path": "",
        "id": "d41d8cd98f00b204e9800998ecf8427e",
        "groups": {},
        "checks": {
                "add-item 200": {
                    "name": "add-item 200",
                    "path": "::add-item 200",
                    "id": "33c9fa24edc9e82dc71c99a3b7d11540",
                    "passes": 40586,
                    "fails": 0
                },
                "has items": {
                    "name": "has items",
                    "path": "::has items",
                    "id": "a26ba3373a464cabfd3ac187534f4261",
                    "passes": 40586,
                    "fails": 0
                }
            }
    }
}