{
    "root_group": {
        "name": "",
        "path": "",
        "id": "d41d8cd98f00b204e9800998ecf8427e",
        "groups": {},
        "checks": {
                "add-item 200": {
                    "name": "add-item 200",
                    "path": "::add-item 200",
                    "id": "33c9fa24edc9e82dc71c99a3b7d11540",
                    "passes": 95,
                    "fails": 0
                },
                "has items": {
                    "name": "has items",
                    "path": "::has items",
                    "id": "a26ba3373a464cabfd3ac187534f4261",
                    "passes": 95,
                    "fails": 0
                },
                "checkout 200": {
                    "id": "acab75c6e41819050be5685e71d4a1fb",
                    "passes": 95,
                    "fails": 0,
                    "name": "checkout 200",
                    "path": "::checkout 200"
                },
                "order created": {
                    "id": "5e7ce872bb14a562c4b9054c8eda7170",
                    "passes": 95,
                    "fails": 0,
                    "name": "order created",
                    "path": "::order created"
                }
            }
    },
    "metrics": {
        "target_duration": {
            "avg": 212.2,
            "min": 198,
            "med": 210,
            "max": 263,
            "p(90)": 224,
            "p(95)": 229.09999999999997,
            "p(99)": 237.61999999999998,
            "thresholds": {
                "p(95)<5000": false
            }
        },
        "http_req_tls_handshaking": {
            "p(99)": 0,
            "avg": 0.3355549738219895,
            "min": 0,
            "med": 0,
            "max": 64.091,
            "p(90)": 0,
            "p(95)": 0
        },
        "http_req_failed": {
            "passes": 0,
            "fails": 191,
            "value": 0
        },
        "target_success": {
            "count": 95,
            "rate": 3.1376666778081357
        },
        "vus": {
            "min": 1,
            "max": 1,
            "value": 1
        },
        "iterations": {
            "count": 95,
            "rate": 3.1376666778081357
        },
        "data_sent": {
            "count": 63427,
            "rate": 2094.871414456175
        },
        "data_received": {
            "rate": 17175.15802940793,
            "count": 520017
        },
        "http_req_receiving": {
            "avg": 0.4366439790575915,
            "min": 0.02,
            "med": 0.102,
            "max": 54.819,
            "p(90)": 0.262,
            "p(95)": 0.37449999999999983,
            "p(99)": 1.4573999999999998
        },
        "http_req_waiting": {
            "p(99)": 233.8105,
            "avg": 156.75532984293196,
            "min": 93.315,
            "med": 157.59,
            "max": 262.809,
            "p(90)": 214.347,
            "p(95)": 223.0215
        },
        "iteration_duration": {
            "avg": 318.68177982105277,
            "min": 298.238208,
            "med": 312.025917,
            "max": 721.822833,
            "p(90)": 327.169708,
            "p(95)": 336.77755449999995,
            "p(99)": 411.34952799999974
        },
        "http_req_duration": {
            "p(90)": 214.856,
            "p(95)": 223.6595,
            "p(99)": 234.3275,
            "avg": 157.36674345549744,
            "min": 93.504,
            "med": 197.598,
            "max": 262.983
        },
        "http_req_duration{expected_response:true}": {
            "p(99)": 234.3275,
            "avg": 157.36674345549744,
            "min": 93.504,
            "med": 197.598,
            "max": 262.983,
            "p(90)": 214.856,
            "p(95)": 223.6595
        },
        "checks": {
            "passes": 380,
            "fails": 0,
            "value": 1
        },
        "http_reqs": {
            "count": 191,
            "rate": 6.308361425908989
        },
        "http_req_blocked": {
            "avg": 0.6024240837696341,
            "min": 0,
            "med": 0.001,
            "max": 114.876,
            "p(90)": 0.002,
            "p(95)": 0.002,
            "p(99)": 0.006299999999999995
        },
        "http_req_sending": {
            "p(99)": 0.919399999999999,
            "avg": 0.17476963350785343,
            "min": 0.041,
            "med": 0.113,
            "max": 1.485,
            "p(90)": 0.308,
            "p(95)": 0.38349999999999995
        },
        "vus_max": {
            "value": 1,
            "min": 1,
            "max": 1
        },
        "http_req_connecting": {
            "p(95)": 0,
            "p(99)": 0,
            "avg": 0.25342408376963355,
            "min": 0,
            "med": 0,
            "max": 48.404,
            "p(90)": 0
        }
    }
}