{
    "metrics": {
        "http_req_duration": {
            "p(90)": 93.883,
            "p(95)": 97.4106,
            "p(99)": 110.75095999999998,
            "avg": 87.53558253851804,
            "min": 76.658,
            "med": 86.39,
            "max": 259.072
        },
        "http_req_waiting": {
            "p(95)": 97.2418,
            "p(99)": 110.4276,
            "avg": 87.29223697725604,
            "min": 76.598,
            "med": 86.123,
            "max": 214.226,
            "p(90)": 93.6968
        },
        "http_reqs": {
            "rate": 11.353310439573026,
            "count": 1363
        },
        "vus_max": {
            "value": 1,
            "min": 1,
            "max": 1
        },
        "http_req_duration{expected_response:true}": {
            "max": 259.072,
            "p(90)": 93.883,
            "p(95)": 97.4106,
            "p(99)": 110.75095999999998,
            "avg": 87.53558253851804,
            "min": 76.658,
            "med": 86.39
        },
        "http_req_connecting": {
            "p(90)": 0,
            "p(95)": 0,
            "p(99)": 0,
            "avg": 0.038424798239178284,
            "min": 0,
            "med": 0,
            "max": 52.373
        },
        "http_req_sending": {
            "med": 0.074,
            "max": 3.489,
            "p(90)": 0.24280000000000002,
            "p(95)": 0.28789999999999993,
            "p(99)": 0.53914,
            "avg": 0.11860601614086586,
            "min": 0.023
        },
        "iteration_duration": {
            "avg": 88.19082917119768,
            "min": 76.755375,
            "med": 86.667833,
            "max": 746.633917,
            "p(90)": 94.123583,
            "p(95)": 97.720666,
            "p(99)": 110.1574084
        },
        "http_req_blocked": {
            "avg": 0.21622743947174441,
            "min": 0,
            "med": 0.001,
            "max": 293.7,
            "p(90)": 0.002,
            "p(95)": 0.002,
            "p(99)": 0.003
        },
        "iterations": {
            "count": 1361,
            "rate": 11.336651143256704
        },
        "http_req_tls_handshaking": {
            "p(99)": 0,
            "avg": 0.05784299339691856,
            "min": 0,
            "med": 0,
            "max": 78.84,
            "p(90)": 0,
            "p(95)": 0
        },
        "data_received": {
            "count": 3914688,
            "rate": 32607.973688973772
        },
        "vus": {
            "value": 1,
            "min": 1,
            "max": 1
        },
        "http_req_receiving": {
            "max": 43.63,
            "p(90)": 0.19380000000000003,
            "p(95)": 0.234,
            "p(99)": 0.38079999999999986,
            "avg": 0.12473954512105676,
            "min": 0.013,
            "med": 0.063
        },
        "http_req_failed": {
            "passes": 0,
            "fails": 1363,
            "value": 0
        },
        "data_sent": {
            "count": 217527,
            "rate": 1811.9233749002212
        },
        "target_duration": {
            "med": 87,
            "max": 156,
            "p(90)": 94,
            "p(95)": 98,
            "p(99)": 110.39999999999999,
            "avg": 87.70756796473181,
            "min": 77,
            "thresholds": {
                "p(95)<5000": false
            }
        },
        "target_success": {
            "count": 1361,
            "rate": 11.336651143256704
        },
        "checks": {
            "passes": 2723,
            "fails": 0,
            "value": 1
        }
    },
    "root_group": {
        "groups": {},
        "checks": {
                "session init 200": {
                    "name": "session init 200",
                    "path": "::session init 200",
                    "id": "e4077ac26b182e1b20d4e4cac4180311",
                    "passes": 1,
                    "fails": 0
                },
                "add_to_cart 200": {
                    "path": "::add_to_cart 200",
                    "id": "8bd954fa760fb5e8ef98e20e934e6ec2",
                    "passes": 1361,
                    "fails": 0,
                    "name": "add_to_cart 200"
                },
                "has fragments": {
                    "id": "615699412f0373c41364df6cbef6b361",
                    "passes": 1361,
                    "fails": 0,
                    "name": "has fragments",
                    "path": "::has fragments"
                }
            },
        "name": "",
        "path": "",
        "id": "d41d8cd98f00b204e9800998ecf8427e"
    }
}