{
    "metrics": {
        "vus_max": {
            "max": 50,
            "value": 50,
            "min": 50
        },
        "data_sent": {
            "count": 3870425,
            "rate": 9201.287475842973
        },
        "vus": {
            "min": 0,
            "max": 50,
            "value": 1
        },
        "http_req_connecting": {
            "med": 0,
            "max": 57.235,
            "p(90)": 0,
            "p(95)": 0,
            "p(99)": 0,
            "avg": 0.10489418410041841,
            "min": 0
        },
        "iterations": {
            "count": 23800,
            "rate": 56.58051555709328
        },
        "iteration_duration": {
            "avg": 766.0710869340757,
            "min": 81.722125,
            "med": 362.994229,
            "max": 46218.859333,
            "p(90)": 431.641017,
            "p(95)": 460.2860618499999,
            "p(99)": 16171.79021875
        },
        "http_req_duration{expected_response:true}": {
            "avg": 762.4051630543928,
            "min": 67.829,
            "med": 362.2235,
            "max": 46219.226,
            "p(90)": 430.5016,
            "p(95)": 457.6267499999999,
            "p(99)": 16171.09052
        },
        "http_req_waiting": {
            "avg": 762.0740695815895,
            "min": 42.948,
            "med": 362.104,
            "max": 46219.116,
            "p(90)": 430.30199999999996,
            "p(95)": 457.52875,
            "p(99)": 16170.96256
        },
        "http_req_receiving": {
            "p(99)": 0.34402999999999934,
            "avg": 0.25986209205022515,
            "min": 0.007,
            "med": 0.033,
            "max": 118.754,
            "p(90)": 0.131,
            "p(95)": 0.169
        },
        "http_req_tls_handshaking": {
            "avg": 0.13600439330543934,
            "min": 0,
            "med": 0,
            "max": 80.011,
            "p(90)": 0,
            "p(95)": 0,
            "p(99)": 0
        },
        "http_req_sending": {
            "avg": 0.07123138075313927,
            "min": 0.008,
            "med": 0.043,
            "max": 8.214,
            "p(90)": 0.143,
            "p(95)": 0.188,
            "p(99)": 0.344
        },
        "http_req_failed": {
            "passes": 0,
            "fails": 23900,
            "value": 0
        },
        "target_duration": {
            "avg": 765.1948319327731,
            "min": 82,
            "med": 363,
            "max": 46219,
            "p(90)": 431,
            "p(95)": 458,
            "p(99)": 16172.01,
            "thresholds": {
                "p(95)<5000": false
            }
        },
        "http_req_blocked": {
            "min": 0,
            "med": 0,
            "max": 135.595,
            "p(90)": 0.001,
            "p(95)": 0.001,
            "p(99)": 0.002,
            "avg": 0.24180887029296055
        },
        "data_received": {
            "rate": 167076.77555648697,
            "count": 70279092
        },
        "http_reqs": {
            "count": 23900,
            "rate": 56.81824881573653
        },
        "target_success": {
            "count": 23800,
            "rate": 56.58051555709328
        },
        "checks": {
            "passes": 47650,
            "fails": 0,
            "value": 1
        },
        "http_req_duration": {
            "p(90)": 430.5016,
            "p(95)": 457.6267499999999,
            "p(99)": 16171.09052,
            "avg": 762.4051630543928,
            "min": 67.829,
            "med": 362.2235,
            "max": 46219.226
        }
    },
    "root_group": {
        "checks": {
            "session init 200": {
                "name": "session init 200",
                "path": "::session init 200",
                "id": "e4077ac26b182e1b20d4e4cac4180311",
                "passes": 50,
                "fails": 0
            },
            "add_to_cart 200": {
                "name": "add_to_cart 200",
                "path": "::add_to_cart 200",
                "id": "8bd954fa760fb5e8ef98e20e934e6ec2",
                "passes": 23800,
                "fails": 0
            },
            "has fragments": {
                "name": "has fragments",
                "path": "::has fragments",
                "id": "615699412f0373c41364df6cbef6b361",
                "passes": 23800,
                "fails": 0
            }
        },
        "name": "",
        "path": "",
        "id": "d41d8cd98f00b204e9800998ecf8427e",
        "groups": {}
    }
}