{
    "metrics": {
        "data_received": {
            "count": 919561,
            "rate": 30595.16100837357
        },
        "http_reqs": {
            "count": 309,
            "rate": 10.280889197766578
        },
        "http_req_sending": {
            "min": 0.025,
            "med": 0.087,
            "max": 1.339,
            "p(90)": 0.3014,
            "p(95)": 0.3811999999999998,
            "p(99)": 0.79884,
            "avg": 0.15277669902912624
        },
        "http_req_duration": {
            "p(99)": 158.55283999999997,
            "avg": 96.41448543689314,
            "min": 69.719,
            "med": 91.318,
            "max": 1090.53,
            "p(90)": 100.57339999999999,
            "p(95)": 108.0892
        },
        "http_req_receiving": {
            "max": 50.302,
            "p(90)": 0.2352,
            "p(95)": 0.27179999999999976,
            "p(99)": 0.7219199999999996,
            "avg": 0.2699579288025895,
            "min": 0.013,
            "med": 0.061
        },
        "vus": {
            "max": 1,
            "value": 1,
            "min": 1
        },
        "vus_max": {
            "value": 1,
            "min": 1,
            "max": 1
        },
        "iteration_duration": {
            "max": 1418.482542,
            "p(90)": 100.8334334,
            "p(95)": 108.2620413,
            "p(99)": 158.87456249999997,
            "avg": 97.88193390553751,
            "min": 82.359167,
            "med": 91.578791
        },
        "http_req_blocked": {
            "avg": 0.4861359223301007,
            "min": 0,
            "med": 0.001,
            "max": 149.963,
            "p(90)": 0.002,
            "p(95)": 0.002,
            "p(99)": 0.0029199999999999973
        },
        "http_req_waiting": {
            "p(95)": 107.95139999999999,
            "p(99)": 158.36939999999998,
            "avg": 95.99175080906147,
            "min": 69.466,
            "med": 90.752,
            "max": 1038.889,
            "p(90)": 100.1538
        },
        "http_req_connecting": {
            "avg": 0.16136569579288026,
            "min": 0,
            "med": 0,
            "max": 49.862,
            "p(90)": 0,
            "p(95)": 0,
            "p(99)": 0
        },
        "data_sent": {
            "count": 50728,
            "rate": 1687.7959457097186
        },
        "iterations": {
            "count": 307,
            "rate": 10.21434622561275
        },
        "http_req_duration{expected_response:true}": {
            "p(95)": 108.0892,
            "p(99)": 158.55283999999997,
            "avg": 96.41448543689314,
            "min": 69.719,
            "med": 91.318,
            "max": 1090.53,
            "p(90)": 100.57339999999999
        },
        "checks": {
            "passes": 615,
            "fails": 0,
            "value": 1
        },
        "target_duration": {
            "max": 185,
            "p(90)": 101,
            "p(95)": 107.69999999999999,
            "p(99)": 150.03999999999996,
            "avg": 93.57980456026058,
            "min": 83,
            "med": 92,
            "thresholds": {
                "p(95)<5000": false
            }
        },
        "http_req_tls_handshaking": {
            "p(99)": 0,
            "avg": 0.22138834951456313,
            "min": 0,
            "med": 0,
            "max": 68.409,
            "p(90)": 0,
            "p(95)": 0
        },
        "http_req_failed": {
            "passes": 0,
            "fails": 309,
            "value": 0
        },
        "target_success": {
            "count": 307,
            "rate": 10.21434622561275
        }
    },
    "root_group": {
        "id": "d41d8cd98f00b204e9800998ecf8427e",
        "groups": {},
        "checks": {
                "session init 200": {
                    "fails": 0,
                    "name": "session init 200",
                    "path": "::session init 200",
                    "id": "e4077ac26b182e1b20d4e4cac4180311",
                    "passes": 1
                },
                "add_to_cart 200": {
                    "name": "add_to_cart 200",
                    "path": "::add_to_cart 200",
                    "id": "8bd954fa760fb5e8ef98e20e934e6ec2",
                    "passes": 307,
                    "fails": 0
                },
                "has fragments": {
                    "path": "::has fragments",
                    "id": "615699412f0373c41364df6cbef6b361",
                    "passes": 307,
                    "fails": 0,
                    "name": "has fragments"
                }
            },
        "name": "",
        "path": ""
    }
}