{
    "metrics": {
        "checks": {
            "passes": 26064,
            "fails": 0,
            "value": 1
        },
        "data_sent": {
            "count": 4303752,
            "rate": 10240.628982935084
        },
        "target_success": {
            "count": 6516,
            "rate": 15.504596559654232
        },
        "iterations": {
            "rate": 15.504596559654232,
            "count": 6516
        },
        "http_req_duration{expected_response:true}": {
            "min": 88.823,
            "med": 357.32550000000003,
            "max": 3644.23,
            "p(90)": 3028.3244,
            "p(95)": 3131.8867499999997,
            "p(99)": 3298.2783999999997,
            "avg": 1378.243335422716
        },
        "http_req_blocked": {
            "med": 0.001,
            "max": 166.915,
            "p(90)": 0.002,
            "p(95)": 0.002,
            "p(99)": 0.003,
            "avg": 0.44747622687675354,
            "min": 0
        },
        "http_req_receiving": {
            "avg": 0.290177113591195,
            "min": 0.009,
            "med": 0.057,
            "max": 55.765,
            "p(90)": 0.261,
            "p(95)": 0.32,
            "p(99)": 0.881
        },
        "http_req_waiting": {
            "min": 88.696,
            "med": 353.985,
            "max": 3643.896,
            "p(90)": 3027.9618,
            "p(95)": 3131.7686999999996,
            "p(99)": 3297.99043,
            "avg": 1377.822720684909
        },
        "vus": {
            "value": 1,
            "min": 0,
            "max": 50
        },
        "http_reqs": {
            "count": 13082,
            "rate": 31.12816638941017
        },
        "http_req_connecting": {
            "avg": 0.19755144473322117,
            "min": 0,
            "med": 0,
            "max": 65.097,
            "p(90)": 0,
            "p(95)": 0,
            "p(99)": 0
        },
        "http_req_failed": {
            "passes": 0,
            "fails": 13082,
            "value": 0
        },
        "data_received": {
            "count": 36860474,
            "rate": 87708.22258557769
        },
        "iteration_duration": {
            "max": 3925.835083,
            "p(90)": 3391.260334,
            "p(95)": 3478.779385,
            "p(99)": 3622.0797375499997,
            "avg": 2768.9494288792253,
            "min": 370.991375,
            "med": 3034.7717085
        },
        "vus_max": {
            "value": 50,
            "min": 50,
            "max": 50
        },
        "http_req_sending": {
            "max": 6.336,
            "p(90)": 0.291,
            "p(95)": 0.369,
            "p(99)": 0.7031899999999999,
            "avg": 0.13043762421647953,
            "min": 0.013,
            "med": 0.0635
        },
        "target_duration": {
            "med": 2772.5,
            "max": 3645,
            "p(90)": 3133,
            "p(95)": 3221.2499999999995,
            "p(99)": 3347,
            "avg": 2521.9441375076735,
            "min": 275,
            "thresholds": {
                "p(95)<5000": false
            }
        },
        "http_req_duration": {
            "p(90)": 3028.3244,
            "p(95)": 3131.8867499999997,
            "p(99)": 3298.2783999999997,
            "avg": 1378.243335422716,
            "min": 88.823,
            "med": 357.32550000000003,
            "max": 3644.23
        },
        "http_req_tls_handshaking": {
            "p(95)": 0,
            "p(99)": 0,
            "avg": 0.24543578963461246,
            "min": 0,
            "med": 0,
            "max": 78.889,
            "p(90)": 0
        }
    },
    "root_group": {
        "id": "d41d8cd98f00b204e9800998ecf8427e",
        "groups": {},
        "checks": {
                "add-item 200": {
                    "name": "add-item 200",
                    "path": "::add-item 200",
                    "id": "33c9fa24edc9e82dc71c99a3b7d11540",
                    "passes": 6516,
                    "fails": 0
                },
                "has items": {
                    "name": "has items",
                    "path": "::has items",
                    "id": "a26ba3373a464cabfd3ac187534f4261",
                    "passes": 6516,
                    "fails": 0
                },
                "checkout 200": {
                    "fails": 0,
                    "name": "checkout 200",
                    "path": "::checkout 200",
                    "id": "acab75c6e41819050be5685e71d4a1fb",
                    "passes": 6516
                },
                "order created": {
                    "path": "::order created",
                    "id": "5e7ce872bb14a562c4b9054c8eda7170",
                    "passes": 6516,
                    "fails": 0,
                    "name": "order created"
                }
            },
        "name": "",
        "path": ""
    }
}