{
    "metrics": {
        "vus_max": {
            "value": 50,
            "min": 50,
            "max": 50
        },
        "http_req_receiving": {
            "avg": 0.11107140013828412,
            "min": 0.007,
            "med": 0.034,
            "max": 73.166,
            "p(90)": 0.135,
            "p(95)": 0.17,
            "p(99)": 0.2796999999999996
        },
        "checks": {
            "passes": 95362,
            "fails": 0,
            "value": 1
        },
        "target_success": {
            "count": 47681,
            "rate": 113.50024756246191
        },
        "iteration_duration": {
            "p(90)": 471.78925,
            "p(95)": 493.934041,
            "p(99)": 583.7448078,
            "avg": 377.62654809336897,
            "min": 86.415209,
            "med": 404.10725,
            "max": 20497.197958
        },
        "http_req_duration{expected_response:true}": {
            "med": 403.51,
            "max": 20496.879,
            "p(90)": 471.143,
            "p(95)": 493.18399999999997,
            "p(99)": 580.6408,
            "avg": 376.6686057069794,
            "min": 85.999
        },
        "http_req_tls_handshaking": {
            "p(99)": 0,
            "avg": 0.0680389893360709,
            "min": 0,
            "med": 0,
            "max": 82.257,
            "p(90)": 0,
            "p(95)": 0
        },
        "data_sent": {
            "count": 7629810,
            "rate": 18162.06295703839
        },
        "http_req_waiting": {
            "max": 20496.714,
            "p(90)": 470.934,
            "p(95)": 493.0105,
            "p(99)": 580.4868999999999,
            "avg": 376.4758215415512,
            "min": 85.934,
            "med": 403.382
        },
        "iterations": {
            "count": 47681,
            "rate": 113.50024756246191
        },
        "vus": {
            "value": 1,
            "min": 0,
            "max": 50
        },
        "data_received": {
            "count": 169618645,
            "rate": 403761.62829448504
        },
        "http_req_duration": {
            "p(90)": 471.143,
            "p(95)": 493.18399999999997,
            "p(99)": 580.6408,
            "avg": 376.6686057069794,
            "min": 85.999,
            "med": 403.51,
            "max": 20496.879
        },
        "http_req_failed": {
            "passes": 0,
            "fails": 47731,
            "value": 0
        },
        "http_req_blocked": {
            "avg": 0.12159022438255307,
            "min": 0,
            "med": 0,
            "max": 140.162,
            "p(90)": 0.001,
            "p(95)": 0.001,
            "p(99)": 0.002
        },
        "target_duration": {
            "med": 404,
            "max": 20497,
            "p(90)": 472,
            "p(95)": 494,
            "p(99)": 581.1999999999996,
            "avg": 377.329376481198,
            "min": 87,
            "thresholds": {
                "p(95)<5000": false
            }
        },
        "http_req_connecting": {
            "med": 0,
            "max": 57.948,
            "p(90)": 0,
            "p(95)": 0,
            "p(99)": 0,
            "avg": 0.05231677526136056,
            "min": 0
        },
        "http_req_sending": {
            "p(90)": 0.172,
            "p(95)": 0.228,
            "p(99)": 0.43,
            "avg": 0.08171276528880266,
            "min": 0.013,
            "med": 0.043,
            "max": 7.526
        },
        "http_reqs": {
            "count": 47731,
            "rate": 113.61926797684339
        }
    },
    "root_group": {
        "checks": {
            "add-item 200": {
                "passes": 47681,
                "fails": 0,
                "name": "add-item 200",
                "path": "::add-item 200",
                "id": "33c9fa24edc9e82dc71c99a3b7d11540"
            },
            "has items": {
                "path": "::has items",
                "id": "a26ba3373a464cabfd3ac187534f4261",
                "passes": 47681,
                "fails": 0,
                "name": "has items"
            }
        },
        "name": "",
        "path": "",
        "id": "d41d8cd98f00b204e9800998ecf8427e",
        "groups": {}
    }
}