{
    "root_group": {
        "checks": {
            "add-item 200": {
                "name": "add-item 200",
                "path": "::add-item 200",
                "id": "33c9fa24edc9e82dc71c99a3b7d11540",
                "passes": 295,
                "fails": 0
            },
            "has items": {
                "name": "has items",
                "path": "::has items",
                "id": "a26ba3373a464cabfd3ac187534f4261",
                "passes": 295,
                "fails": 0
            }
        },
        "name": "",
        "path": "",
        "id": "d41d8cd98f00b204e9800998ecf8427e",
        "groups": {}
    },
    "metrics": {
        "target_success": {
            "rate": 9.820070673217774,
            "count": 295
        },
        "http_req_duration": {
            "max": 1066.375,
            "p(90)": 102.5385,
            "p(95)": 112.036,
            "p(99)": 168.78349999999998,
            "avg": 100.3016891891892,
            "min": 85.256,
            "med": 94.533
        },
        "http_req_connecting": {
            "avg": 0.16741216216216218,
            "min": 0,
            "med": 0,
            "max": 49.554,
            "p(90)": 0,
            "p(95)": 0,
            "p(99)": 0
        },
        "http_req_waiting": {
            "med": 94.2425,
            "max": 1014.206,
            "p(90)": 102.271,
            "p(95)": 111.935,
            "p(99)": 168.3185,
            "avg": 99.84978040540534,
            "min": 85.066
        },
        "http_reqs": {
            "count": 296,
            "rate": 9.853359048381224
        },
        "http_req_tls_handshaking": {
            "avg": 0.2159864864864865,
            "min": 0,
            "med": 0,
            "max": 63.932,
            "p(90)": 0,
            "p(95)": 0,
            "p(99)": 0
        },
        "http_req_failed": {
            "passes": 0,
            "fails": 296,
            "value": 0
        },
        "vus_max": {
            "max": 1,
            "value": 1,
            "min": 1
        },
        "http_req_receiving": {
            "p(99)": 0.4093999999999999,
            "avg": 0.2901013513513516,
            "min": 0.013,
            "med": 0.08,
            "max": 52.071,
            "p(90)": 0.269,
            "p(95)": 0.2995
        },
        "iterations": {
            "count": 295,
            "rate": 9.820070673217774
        },
        "data_received": {
            "count": 1041074,
            "rate": 34655.66188491363
        },
        "target_duration": {
            "p(99)": 166.17999999999998,
            "avg": 97.65423728813559,
            "min": 86,
            "med": 95,
            "max": 200,
            "p(90)": 103.60000000000001,
            "p(95)": 111.29999999999998,
            "thresholds": {
                "p(95)<5000": false
            }
        },
        "iteration_duration": {
            "p(99)": 166.1602325,
            "avg": 101.8126296474576,
            "min": 85.772,
            "med": 95.131416,
            "max": 1385.776,
            "p(90)": 103.2928334,
            "p(95)": 111.44211679999998
        },
        "http_req_blocked": {
            "min": 0,
            "med": 0.001,
            "max": 148.935,
            "p(90)": 0.002,
            "p(95)": 0.002,
            "p(99)": 0.003149999999999992,
            "avg": 0.5041621621621662
        },
        "http_req_sending": {
            "max": 1.138,
            "p(90)": 0.3355,
            "p(95)": 0.43074999999999986,
            "p(99)": 0.65305,
            "avg": 0.16180743243243248,
            "min": 0.025,
            "med": 0.092
        },
        "checks": {
            "passes": 590,
            "fails": 0,
            "value": 1
        },
        "http_req_duration{expected_response:true}": {
            "p(95)": 112.036,
            "p(99)": 168.78349999999998,
            "avg": 100.3016891891892,
            "min": 85.256,
            "med": 94.533,
            "max": 1066.375,
            "p(90)": 102.5385
        },
        "vus": {
            "value": 1,
            "min": 1,
            "max": 1
        },
        "data_sent": {
            "count": 48876,
            "rate": 1627.0026244887863
        }
    }
}