{
    "metrics": {
        "http_req_blocked": {
            "max": 114.443,
            "p(90)": 0.002,
            "p(95)": 0.002,
            "p(99)": 0.005,
            "avg": 0.7393032258064521,
            "min": 0,
            "med": 0.001
        },
        "http_req_receiving": {
            "p(99)": 1.3993999999999995,
            "avg": 0.7011806451612905,
            "min": 0.016,
            "med": 0.092,
            "max": 86.042,
            "p(90)": 0.2996,
            "p(95)": 0.46339999999999987
        },
        "http_req_duration": {
            "p(95)": 320.9731999999999,
            "p(99)": 358.31077999999997,
            "avg": 192.95776129032262,
            "min": 87.013,
            "med": 170.156,
            "max": 386.55,
            "p(90)": 301.5606
        },
        "vus": {
            "value": 1,
            "min": 1,
            "max": 1
        },
        "http_req_duration{expected_response:true}": {
            "p(99)": 358.31077999999997,
            "avg": 192.95776129032262,
            "min": 87.013,
            "med": 170.156,
            "max": 386.55,
            "p(90)": 301.5606,
            "p(95)": 320.9731999999999
        },
        "target_duration": {
            "avg": 287.85714285714283,
            "min": 261,
            "med": 276,
            "max": 389,
            "p(90)": 322.6,
            "p(95)": 342.4,
            "p(99)": 374.56,
            "thresholds": {
                "p(95)<5000": false
            }
        },
        "checks": {
            "passes": 308,
            "fails": 0,
            "value": 1
        },
        "http_req_failed": {
            "passes": 0,
            "fails": 155,
            "value": 0
        },
        "target_success": {
            "count": 77,
            "rate": 2.5571025066346014
        },
        "vus_max": {
            "value": 1,
            "min": 1,
            "max": 1
        },
        "http_req_connecting": {
            "p(95)": 0,
            "p(99)": 0,
            "avg": 0.30888387096774195,
            "min": 0,
            "med": 0,
            "max": 47.877,
            "p(90)": 0
        },
        "http_req_sending": {
            "p(99)": 0.7806399999999999,
            "avg": 0.16862580645161288,
            "min": 0.033,
            "med": 0.1,
            "max": 1.105,
            "p(90)": 0.325,
            "p(95)": 0.43479999999999974
        },
        "http_req_waiting": {
            "p(95)": 320.5270999999999,
            "p(99)": 358.00719999999995,
            "avg": 192.0879548387097,
            "min": 55.401,
            "med": 170.073,
            "max": 385.207,
            "p(90)": 301.16
        },
        "iterations": {
            "count": 77,
            "rate": 2.5571025066346014
        },
        "http_req_tls_handshaking": {
            "med": 0,
            "max": 64.119,
            "p(90)": 0,
            "p(95)": 0,
            "p(99)": 0,
            "avg": 0.41367096774193546,
            "min": 0
        },
        "data_received": {
            "count": 433685,
            "rate": 14402.298708958795
        },
        "http_reqs": {
            "count": 155,
            "rate": 5.1474141367319906
        },
        "data_sent": {
            "rate": 1720.3986409896822,
            "count": 51805
        },
        "iteration_duration": {
            "avg": 391.0400065194806,
            "min": 353.898833,
            "med": 375.654208,
            "max": 693.746166,
            "p(90)": 432.061725,
            "p(95)": 446.64485819999993,
            "p(99)": 535.4555836799999
        }
    },
    "root_group": {
        "id": "d41d8cd98f00b204e9800998ecf8427e",
        "groups": {},
        "checks": {
                "add-item 200": {
                    "name": "add-item 200",
                    "path": "::add-item 200",
                    "id": "33c9fa24edc9e82dc71c99a3b7d11540",
                    "passes": 77,
                    "fails": 0
                },
                "has items": {
                    "name": "has items",
                    "path": "::has items",
                    "id": "a26ba3373a464cabfd3ac187534f4261",
                    "passes": 77,
                    "fails": 0
                },
                "checkout 200": {
                    "name": "checkout 200",
                    "path": "::checkout 200",
                    "id": "acab75c6e41819050be5685e71d4a1fb",
                    "passes": 77,
                    "fails": 0
                },
                "order created": {
                    "path": "::order created",
                    "id": "5e7ce872bb14a562c4b9054c8eda7170",
                    "passes": 77,
                    "fails": 0,
                    "name": "order created"
                }
            },
        "name": "",
        "path": ""
    }
}