{
    "root_group": {
        "name": "",
        "path": "",
        "id": "d41d8cd98f00b204e9800998ecf8427e",
        "groups": {},
        "checks": {
                "add-item 200": {
                    "name": "add-item 200",
                    "path": "::add-item 200",
                    "id": "33c9fa24edc9e82dc71c99a3b7d11540",
                    "passes": 44302,
                    "fails": 710
                },
                "has items": {
                    "name": "has items",
                    "path": "::has items",
                    "id": "a26ba3373a464cabfd3ac187534f4261",
                    "passes": 44302,
                    "fails": 710
                }
            }
    },
    "metrics": {
        "http_req_tls_handshaking": {
            "p(99)": 0,
            "avg": 2.492785096089832,
            "min": 0,
            "med": 0,
            "max": 7429.288,
            "p(90)": 0,
            "p(95)": 0
        },
        "checks": {
            "fails": 1420,
            "passes": 88604,
            "value": 0.9842264285079534
        },
        "http_req_blocked": {
            "p(90)": 0.001,
            "p(95)": 0.001,
            "p(99)": 0.002,
            "avg": 2.7046863210688987,
            "min": 0,
            "med": 0,
            "max": 7606.675
        },
        "data_received": {
            "count": 157565928,
            "rate": 375111.16946165834
        },
        "data_sent": {
            "count": 7191016,
            "rate": 17119.376350053906
        },
        "http_req_failed": {
            "passes": 710,
            "fails": 44352,
            "value": 0.015756069415472015
        },
        "http_req_sending": {
            "avg": 0.04945255425857396,
            "min": 0,
            "med": 0.033,
            "max": 19.307,
            "p(90)": 0.079,
            "p(95)": 0.117,
            "p(99)": 0.227
        },
        "http_req_waiting": {
            "max": 43498.323,
            "p(90)": 482.74390000000005,
            "p(95)": 512.83905,
            "p(99)": 536.41489,
            "avg": 395.58651049664616,
            "min": 0,
            "med": 404.15999999999997
        },
        "http_req_connecting": {
            "p(95)": 0,
            "p(99)": 0,
            "avg": 0.21067930850827746,
            "min": 0,
            "med": 0,
            "max": 267.75,
            "p(90)": 0
        },
        "target_success": {
            "count": 44302,
            "rate": 105.46807447794416
        },
        "http_req_duration{expected_response:true}": {
            "p(95)": 512.95135,
            "p(99)": 534.6410099999999,
            "avg": 368.9384832927445,
            "min": 84.565,
            "med": 405.73400000000004,
            "max": 34919.415,
            "p(90)": 483.14979999999997
        },
        "http_req_receiving": {
            "p(95)": 0.125,
            "p(99)": 0.5417799999999993,
            "avg": 0.15629284097466856,
            "min": 0,
            "med": 0.029,
            "max": 105.432,
            "p(90)": 0.083
        },
        "iteration_duration": {
            "med": 404.782562,
            "max": 43498.524,
            "p(90)": 483.626458,
            "p(95)": 514.7372125,
            "p(99)": 541.04221913,
            "avg": 400.0557315784718,
            "min": 21.882958
        },
        "iterations": {
            "count": 45012,
            "rate": 107.15834428245276
        },
        "target_fail": {
            "count": 710,
            "rate": 1.690269804508608
        },
        "target_duration": {
            "p(99)": 539,
            "avg": 399.7521327645961,
            "min": 22,
            "med": 405,
            "max": 43498,
            "p(90)": 483,
            "p(95)": 514,
            "thresholds": {
                "p(95)<5000": false
            }
        },
        "vus_max": {
            "value": 50,
            "min": 50,
            "max": 50
        },
        "http_reqs": {
            "count": 45062,
            "rate": 107.27737736727731
        },
        "http_req_duration": {
            "p(95)": 512.9312499999997,
            "p(99)": 536.4729199999999,
            "avg": 395.7922558918798,
            "min": 0,
            "med": 404.2345,
            "max": 43498.353,
            "p(90)": 482.837
        },
        "vus": {
            "value": 1,
            "min": 0,
            "max": 50
        }
    }
}