{
    "root_group": {
        "name": "",
        "path": "",
        "id": "d41d8cd98f00b204e9800998ecf8427e",
        "groups": {},
        "checks": {
                "add-item 200": {
                    "id": "33c9fa24edc9e82dc71c99a3b7d11540",
                    "passes": 1252,
                    "fails": 0,
                    "name": "add-item 200",
                    "path": "::add-item 200"
                },
                "has items": {
                    "fails": 0,
                    "name": "has items",
                    "path": "::has items",
                    "id": "a26ba3373a464cabfd3ac187534f4261",
                    "passes": 1252
                }
            }
    },
    "metrics": {
        "http_req_duration": {
            "med": 93.432,
            "max": 1367.469,
            "p(90)": 99.8326,
            "p(95)": 103.1284,
            "p(99)": 114.35555999999998,
            "avg": 95.0463878691141,
            "min": 83.468
        },
        "vus": {
            "value": 1,
            "min": 1,
            "max": 1
        },
        "http_req_blocked": {
            "min": 0,
            "med": 0.001,
            "max": 153.356,
            "p(90)": 0.002,
            "p(95)": 0.002,
            "p(99)": 0.005,
            "avg": 0.12336472466081763
        },
        "checks": {
            "fails": 0,
            "passes": 2504,
            "value": 1
        },
        "http_req_waiting": {
            "avg": 94.74489465283322,
            "min": 83.24,
            "med": 93.146,
            "max": 1319.369,
            "p(90)": 99.6022,
            "p(95)": 102.75919999999999,
            "p(99)": 113.87483999999999
        },
        "target_success": {
            "count": 1252,
            "rate": 10.430570014572224
        },
        "http_req_duration{expected_response:true}": {
            "avg": 95.0463878691141,
            "min": 83.468,
            "med": 93.432,
            "max": 1367.469,
            "p(90)": 99.8326,
            "p(95)": 103.1284,
            "p(99)": 114.35555999999998
        },
        "http_req_receiving": {
            "p(90)": 0.234,
            "p(95)": 0.27779999999999994,
            "p(99)": 0.5152799999999998,
            "avg": 0.15135993615323223,
            "min": 0.013,
            "med": 0.068,
            "max": 47.978
        },
        "http_reqs": {
            "count": 1253,
            "rate": 10.438901140781946
        },
        "http_req_connecting": {
            "p(99)": 0,
            "avg": 0.03918834796488428,
            "min": 0,
            "med": 0,
            "max": 49.103,
            "p(90)": 0,
            "p(95)": 0
        },
        "http_req_tls_handshaking": {
            "avg": 0.05400957701516361,
            "min": 0,
            "med": 0,
            "max": 67.674,
            "p(90)": 0,
            "p(95)": 0,
            "p(99)": 0
        },
        "vus_max": {
            "value": 1,
            "min": 1,
            "max": 1
        },
        "http_req_failed": {
            "passes": 0,
            "fails": 1253,
            "value": 0
        },
        "data_sent": {
            "count": 201184,
            "rate": 1676.0892953767557
        },
        "iteration_duration": {
            "avg": 95.8500484448881,
            "min": 83.7375,
            "med": 94.0690625,
            "max": 1696.631875,
            "p(90)": 100.1639131,
            "p(95)": 103.7739026,
            "p(99)": 113.85003959
        },
        "target_duration": {
            "med": 94,
            "max": 175,
            "p(90)": 100,
            "p(95)": 104,
            "p(99)": 113.97999999999998,
            "avg": 94.59584664536742,
            "min": 83,
            "thresholds": {
                "p(95)<5000": false
            }
        },
        "data_received": {
            "count": 4270182,
            "rate": 35575.42518048406
        },
        "http_req_sending": {
            "max": 3.496,
            "p(90)": 0.295,
            "p(95)": 0.3567999999999999,
            "p(99)": 0.956679999999999,
            "avg": 0.15013328012769364,
            "min": 0.025,
            "med": 0.08
        },
        "iterations": {
            "count": 1252,
            "rate": 10.430570014572224
        }
    }
}