{
    "root_group": {
        "id": "d41d8cd98f00b204e9800998ecf8427e",
        "groups": {},
        "checks": {
                "add-item 200": {
                    "path": "::add-item 200",
                    "id": "33c9fa24edc9e82dc71c99a3b7d11540",
                    "passes": 319,
                    "fails": 0,
                    "name": "add-item 200"
                },
                "has items": {
                    "id": "a26ba3373a464cabfd3ac187534f4261",
                    "passes": 319,
                    "fails": 0,
                    "name": "has items",
                    "path": "::has items"
                },
                "checkout 200": {
                    "name": "checkout 200",
                    "path": "::checkout 200",
                    "id": "acab75c6e41819050be5685e71d4a1fb",
                    "passes": 319,
                    "fails": 0
                },
                "order created": {
                    "name": "order created",
                    "path": "::order created",
                    "id": "5e7ce872bb14a562c4b9054c8eda7170",
                    "passes": 319,
                    "fails": 0
                }
            },
        "name": "",
        "path": ""
    },
    "metrics": {
        "iteration_duration": {
            "avg": 376.3959716677114,
            "min": 347.854583,
            "med": 369.219958,
            "max": 801.38125,
            "p(90)": 397.4303254,
            "p(95)": 409.85143719999996,
            "p(99)": 457.93482499999993
        },
        "http_req_duration{expected_response:true}": {
            "med": 217.351,
            "max": 368.633,
            "p(90)": 286.7966,
            "p(95)": 296.9692,
            "p(99)": 336.22148,
            "avg": 187.1428622848201,
            "min": 87.284
        },
        "http_req_failed": {
            "passes": 0,
            "fails": 639,
            "value": 0
        },
        "http_req_duration": {
            "p(95)": 296.9692,
            "p(99)": 336.22148,
            "avg": 187.1428622848201,
            "min": 87.284,
            "med": 217.351,
            "max": 368.633,
            "p(90)": 286.7966
        },
        "target_success": {
            "count": 319,
            "rate": 2.656619769305135
        },
        "http_req_blocked": {
            "max": 117.207,
            "p(90)": 0.002,
            "p(95)": 0.002,
            "p(99)": 0.004239999999999989,
            "avg": 0.18442723004694872,
            "min": 0,
            "med": 0.001
        },
        "http_req_tls_handshaking": {
            "med": 0,
            "max": 65.01,
            "p(90)": 0,
            "p(95)": 0,
            "p(99)": 0,
            "avg": 0.10173708920187795,
            "min": 0
        },
        "vus": {
            "value": 1,
            "min": 1,
            "max": 1
        },
        "checks": {
            "passes": 1276,
            "fails": 0,
            "value": 1
        },
        "data_sent": {
            "count": 207460,
            "rate": 1727.718925830857
        },
        "data_received": {
            "count": 1617065,
            "rate": 13466.85532053733
        },
        "http_reqs": {
            "count": 639,
            "rate": 5.321567500269534
        },
        "http_req_receiving": {
            "avg": 0.20388732394366232,
            "min": 0.015,
            "med": 0.079,
            "max": 49.261,
            "p(90)": 0.2738000000000001,
            "p(95)": 0.3212999999999999,
            "p(99)": 0.5573599999999999
        },
        "http_req_connecting": {
            "p(95)": 0,
            "p(99)": 0,
            "avg": 0.07887793427230047,
            "min": 0,
            "med": 0,
            "max": 50.403,
            "p(90)": 0
        },
        "target_duration": {
            "p(90)": 297.2,
            "p(95)": 310,
            "p(99)": 355.56,
            "avg": 278.34169278996865,
            "min": 256,
            "med": 273,
            "max": 369,
            "thresholds": {
                "p(95)<5000": false
            }
        },
        "http_req_sending": {
            "avg": 0.1568951486697965,
            "min": 0.032,
            "med": 0.094,
            "max": 2.92,
            "p(90)": 0.30920000000000003,
            "p(95)": 0.38619999999999993,
            "p(99)": 0.6477399999999999
        },
        "iterations": {
            "count": 319,
            "rate": 2.656619769305135
        },
        "vus_max": {
            "value": 1,
            "min": 1,
            "max": 1
        },
        "http_req_waiting": {
            "max": 368.349,
            "p(90)": 286.64500000000004,
            "p(95)": 296.7889,
            "p(99)": 335.80683999999997,
            "avg": 186.78207981220658,
            "min": 86.714,
            "med": 188.278
        }
    }
}