{
  "mode": "storeapi",
  "device": "mobile",
  "page": "checkout",
  "runs": 1,
  "results": [
    {
      "score": 96,
      "fcp": 2208.2892999999995,
      "lcp": 2208.2892999999995,
      "tti": 8953.657199999994,
      "tbt": 83,
      "cls": 0.002407,
      "si": 2540.553959439595,
      "bytes": 699217
    }
  ]
}