{
  "mode": "storeapi",
  "device": "mobile",
  "page": "checkout",
  "runs": 1,
  "cold": [
    {
      "score": 92,
      "fcp": 2500.090243249512,
      "lcp": 2500.090243249512,
      "tti": 8232.62606186524,
      "tbt": 149.05913093261688,
      "cls": 0.002407,
      "si": 2674.2737030697017,
      "bytes": 696852
    }
  ],
  "warm": [
    {
      "score": 100,
      "fcp": 1200.1558,
      "lcp": 1200.1558,
      "tti": 1493.0558,
      "tbt": 58,
      "cls": 0,
      "si": 1384.584540052591,
      "bytes": 64889
    }
  ]
}