{
    "root_group": {
        "name": "",
        "path": "",
        "id": "d41d8cd98f00b204e9800998ecf8427e",
        "groups": {},
        "checks": {
                "session init 200": {
                    "id": "e4077ac26b182e1b20d4e4cac4180311",
                    "passes": 1,
                    "fails": 0,
                    "name": "session init 200",
                    "path": "::session init 200"
                },
                "add_to_cart 200": {
                    "fails": 0,
                    "name": "add_to_cart 200",
                    "path": "::add_to_cart 200",
                    "id": "8bd954fa760fb5e8ef98e20e934e6ec2",
                    "passes": 1327
                },
                "has fragments": {
                    "name": "has fragments",
                    "path": "::has fragments",
                    "id": "615699412f0373c41364df6cbef6b361",
                    "passes": 1327,
                    "fails": 0
                }
            }
    },
    "metrics": {
        "target_duration": {
            "min": 77,
            "med": 88,
            "max": 1018,
            "p(90)": 98,
            "p(95)": 106,
            "p(99)": 117.74,
            "avg": 89.97663903541823,
            "thresholds": {
                "p(95)<5000": false
            }
        },
        "iteration_duration": {
            "min": 77.636833,
            "med": 87.619167,
            "max": 1017.615708,
            "p(90)": 98.1250912,
            "p(95)": 105.95622949999999,
            "p(99)": 118.25446434,
            "avg": 90.4375794099473
        },
        "http_req_connecting": {
            "p(99)": 0,
            "avg": 0.1160451467268623,
            "min": 0,
            "med": 0,
            "max": 154.224,
            "p(90)": 0,
            "p(95)": 0
        },
        "http_req_waiting": {
            "avg": 89.3662159518435,
            "min": 61.319,
            "med": 86.981,
            "max": 1017.217,
            "p(90)": 97.29360000000001,
            "p(95)": 105.43759999999999,
            "p(99)": 115.62024
        },
        "target_success": {
            "count": 1327,
            "rate": 11.054669815756393
        },
        "http_req_sending": {
            "avg": 0.18632656132430397,
            "min": 0.036,
            "med": 0.089,
            "max": 9.723,
            "p(90)": 0.3214000000000001,
            "p(95)": 0.4895999999999999,
            "p(99)": 1.5224799999999996
        },
        "data_received": {
            "count": 3818290,
            "rate": 31808.541982520328
        },
        "http_req_failed": {
            "passes": 0,
            "fails": 1329,
            "value": 0
        },
        "data_sent": {
            "count": 212262,
            "rate": 1768.2639973112912
        },
        "http_req_duration": {
            "avg": 89.71106696764465,
            "min": 62.11,
            "med": 87.291,
            "max": 1017.367,
            "p(90)": 97.65,
            "p(95)": 105.63,
            "p(99)": 117.45611999999998
        },
        "http_req_tls_handshaking": {
            "max": 82.981,
            "p(90)": 0,
            "p(95)": 0,
            "p(99)": 0,
            "avg": 0.06243867569601203,
            "min": 0,
            "med": 0
        },
        "iterations": {
            "count": 1327,
            "rate": 11.054669815756393
        },
        "http_req_receiving": {
            "avg": 0.15852445447705069,
            "min": 0.019,
            "med": 0.077,
            "max": 44.665,
            "p(90)": 0.20640000000000006,
            "p(95)": 0.298,
            "p(99)": 0.9179199999999986
        },
        "http_req_duration{expected_response:true}": {
            "p(90)": 97.65,
            "p(95)": 105.63,
            "p(99)": 117.45611999999998,
            "avg": 89.71106696764465,
            "min": 62.11,
            "med": 87.291,
            "max": 1017.367
        },
        "vus": {
            "value": 1,
            "min": 1,
            "max": 1
        },
        "vus_max": {
            "value": 1,
            "min": 1,
            "max": 1
        },
        "http_reqs": {
            "count": 1329,
            "rate": 11.071330960919552
        },
        "http_req_blocked": {
            "max": 311.904,
            "p(90)": 0.001,
            "p(95)": 0.002,
            "p(99)": 0.002719999999999988,
            "avg": 0.23537471783294597,
            "min": 0,
            "med": 0.001
        },
        "checks": {
            "passes": 2655,
            "fails": 0,
            "value": 1
        }
    }
}