{
    "root_group": {
        "name": "",
        "path": "",
        "id": "d41d8cd98f00b204e9800998ecf8427e",
        "groups": {},
        "checks": {
                "session init 200": {
                    "name": "session init 200",
                    "path": "::session init 200",
                    "id": "e4077ac26b182e1b20d4e4cac4180311",
                    "passes": 174,
                    "fails": 26
                },
                "add_to_cart 200": {
                    "passes": 69077,
                    "fails": 457,
                    "name": "add_to_cart 200",
                    "path": "::add_to_cart 200",
                    "id": "8bd954fa760fb5e8ef98e20e934e6ec2"
                },
                "has fragments": {
                    "path": "::has fragments",
                    "id": "615699412f0373c41364df6cbef6b361",
                    "passes": 69077,
                    "fails": 457,
                    "name": "has fragments"
                }
            }
    },
    "metrics": {
        "http_req_tls_handshaking": {
            "min": 0,
            "med": 0,
            "max": 132.062,
            "p(90)": 0,
            "p(95)": 0,
            "p(99)": 0,
            "avg": 0.18303702061944116
        },
        "data_received": {
            "count": 206565463,
            "rate": 405554.9000998882
        },
        "checks": {
            "passes": 138328,
            "fails": 940,
            "value": 0.9932504236436224
        },
        "target_duration": {
            "p(95)": 1046,
            "p(99)": 30980.86999999984,
            "avg": 1071.6736416717001,
            "min": 78,
            "med": 408,
            "max": 60080,
            "p(90)": 704,
            "thresholds": {
                "p(95)<5000": false
            }
        },
        "http_req_duration": {
            "p(90)": 705.8107000000001,
            "p(95)": 1052.3544499999996,
            "p(99)": 54304.85765999999,
            "avg": 1113.3994610489972,
            "min": 62.659,
            "med": 407.8065,
            "max": 60079.95
        },
        "http_req_failed": {
            "passes": 483,
            "fails": 69451,
            "value": 0.0069065118540338035
        },
        "http_reqs": {
            "rate": 137.3030901278283,
            "count": 69934
        },
        "http_req_blocked": {
            "med": 0,
            "max": 282.215,
            "p(90)": 0.001,
            "p(95)": 0.001,
            "p(99)": 0.002,
            "avg": 0.3338949295050358,
            "min": 0
        },
        "http_req_waiting": {
            "med": 407.59749999999997,
            "max": 60079.922,
            "p(90)": 705.6839000000001,
            "p(95)": 1052.2879499999997,
            "p(99)": 54304.79031999999,
            "avg": 1113.0891007664318,
            "min": 62.457
        },
        "iteration_duration": {
            "min": 77.551917,
            "med": 408.362292,
            "max": 179544.002875,
            "p(90)": 709.9113331000001,
            "p(95)": 1062.6733744499995,
            "p(99)": 54252.79380038992,
            "avg": 1120.4356443255008
        },
        "http_req_receiving": {
            "p(95)": 0.2,
            "p(99)": 1.2346699999999995,
            "avg": 0.21797268853492535,
            "min": 0,
            "med": 0.039,
            "max": 78.582,
            "p(90)": 0.129
        },
        "vus": {
            "value": 1,
            "min": 1,
            "max": 200
        },
        "data_sent": {
            "count": 11416810,
            "rate": 22414.895364233296
        },
        "http_req_connecting": {
            "p(99)": 0,
            "avg": 0.14903394629221842,
            "min": 0,
            "med": 0,
            "max": 180.851,
            "p(90)": 0,
            "p(95)": 0
        },
        "http_req_sending": {
            "avg": 0.09238759401721595,
            "min": 0.01,
            "med": 0.043,
            "max": 31.146,
            "p(90)": 0.127,
            "p(95)": 0.205,
            "p(99)": 0.7606699999999994
        },
        "vus_max": {
            "value": 200,
            "min": 200,
            "max": 200
        },
        "http_req_duration{expected_response:true}": {
            "p(90)": 686.891,
            "p(95)": 995.9784999999999,
            "p(99)": 2613.8385,
            "avg": 703.907983743941,
            "min": 62.659,
            "med": 406.968,
            "max": 60000.225
        },
        "target_success": {
            "count": 69077,
            "rate": 135.62052158835468
        },
        "target_fail": {
            "rate": 0.8972389994626009,
            "count": 457
        },
        "iterations": {
            "count": 69534,
            "rate": 136.51776058781726
        }
    }
}