{
    "root_group": {
        "name": "",
        "path": "",
        "id": "d41d8cd98f00b204e9800998ecf8427e",
        "groups": {},
        "checks": {
                "session init 200": {
                    "passes": 431,
                    "fails": 69,
                    "name": "session init 200",
                    "path": "::session init 200",
                    "id": "e4077ac26b182e1b20d4e4cac4180311"
                },
                "add_to_cart 200": {
                    "id": "8bd954fa760fb5e8ef98e20e934e6ec2",
                    "passes": 17875,
                    "fails": 1078,
                    "name": "add_to_cart 200",
                    "path": "::add_to_cart 200"
                },
                "has fragments": {
                    "fails": 1078,
                    "name": "has fragments",
                    "path": "::has fragments",
                    "id": "615699412f0373c41364df6cbef6b361",
                    "passes": 17875
                }
            }
    },
    "metrics": {
        "http_req_failed": {
            "passes": 1185,
            "fails": 18768,
            "value": 0.059389565478875354
        },
        "iterations": {
            "count": 18953,
            "rate": 33.255098140070594
        },
        "vus": {
            "value": 5,
            "min": 2,
            "max": 500
        },
        "vus_max": {
            "value": 500,
            "min": 500,
            "max": 500
        },
        "data_sent": {
            "count": 4021189,
            "rate": 7055.613086834397
        },
        "target_duration": {
            "avg": 10291.697303856909,
            "min": 173,
            "med": 5275,
            "max": 60045,
            "p(90)": 28082.600000000002,
            "p(95)": 60001,
            "p(99)": 60005,
            "thresholds": {
                "p(95)<5000": true
            }
        },
        "http_req_duration": {
            "p(95)": 60000.4292,
            "p(99)": 60004.06812,
            "avg": 10517.595889791044,
            "min": 66.894,
            "med": 5265.636,
            "max": 60044.936,
            "p(90)": 28658.054400000005
        },
        "http_req_sending": {
            "p(95)": 0.324,
            "p(99)": 1.0254399999999995,
            "avg": 0.13666040194456947,
            "min": 0.014,
            "med": 0.072,
            "max": 82.543,
            "p(90)": 0.227
        },
        "http_req_connecting": {
            "avg": 1.358585225279408,
            "min": 0,
            "med": 0,
            "max": 114.396,
            "p(90)": 0,
            "p(95)": 0,
            "p(99)": 54.46848
        },
        "target_fail": {
            "rate": 1.8914681472588033,
            "count": 1078
        },
        "http_req_blocked": {
            "p(95)": 0.002,
            "p(99)": 120.20284,
            "avg": 3.0174457475054446,
            "min": 0,
            "med": 0.001,
            "max": 234.985,
            "p(90)": 0.001
        },
        "http_req_receiving": {
            "p(95)": 0.444,
            "p(99)": 1501.76156,
            "avg": 31.426070515712098,
            "min": 0,
            "med": 0.07,
            "max": 2617.247,
            "p(90)": 0.23380000000000045
        },
        "data_received": {
            "count": 74827168,
            "rate": 131292.39779367647
        },
        "http_req_duration{expected_response:true}": {
            "med": 4873.4845000000005,
            "max": 59943.059,
            "p(90)": 18876.3321,
            "p(95)": 27723.376949999998,
            "p(99)": 42593.53225,
            "avg": 7393.441230232309,
            "min": 66.894
        },
        "target_success": {
            "count": 17875,
            "rate": 31.36362999281179
        },
        "iteration_duration": {
            "avg": 11075.029114673594,
            "min": 173.018,
            "med": 5330.316042,
            "max": 180003.720375,
            "p(90)": 29067.6702,
            "p(95)": 60000.5906,
            "p(99)": 60004.714746
        },
        "http_reqs": {
            "count": 19953,
            "rate": 35.00970681099713
        },
        "http_req_waiting": {
            "p(90)": 28646.9718,
            "p(95)": 60000.3268,
            "p(99)": 60003.942839999996,
            "avg": 10486.03315887334,
            "min": 66.59,
            "med": 5253.1,
            "max": 60044.767
        },
        "checks": {
            "passes": 36181,
            "fails": 2225,
            "value": 0.9420663438004478
        },
        "http_req_tls_handshaking": {
            "min": 0,
            "med": 0,
            "max": 180.755,
            "p(90)": 0,
            "p(95)": 0,
            "p(99)": 65.08067999999999,
            "avg": 1.6514783240615438
        }
    }
}