{
    "metrics": {
        "http_req_waiting": {
            "p(99)": 60002.0782,
            "avg": 12444.551778046129,
            "min": 85.403,
            "med": 4989.357,
            "max": 60025.146,
            "p(90)": 59878.304,
            "p(95)": 60000.567
        },
        "http_req_connecting": {
            "avg": 1.5565686355338333,
            "min": 0,
            "med": 0,
            "max": 87.702,
            "p(90)": 0,
            "p(95)": 0,
            "p(99)": 53.833999999999996
        },
        "target_duration": {
            "med": 7128,
            "max": 60008,
            "p(90)": 48817.40000000003,
            "p(95)": 60001,
            "p(99)": 60003,
            "avg": 13534.863313754284,
            "min": 315,
            "thresholds": {
                "p(95)<5000": true
            }
        },
        "iterations": {
            "count": 8172,
            "rate": 14.346046856116585
        },
        "http_req_duration{expected_response:true}": {
            "avg": 7102.667674308888,
            "min": 85.757,
            "med": 4543.9415,
            "max": 59982.666,
            "p(90)": 16885.645600000003,
            "p(95)": 25923.89854999999,
            "p(99)": 45558.76675999999
        },
        "vus": {
            "value": 4,
            "min": 2,
            "max": 500
        },
        "vus_max": {
            "value": 500,
            "min": 500,
            "max": 500
        },
        "http_req_duration": {
            "p(90)": 59879.257,
            "p(95)": 60000.666,
            "p(99)": 60002.156200000005,
            "avg": 12445.877305989083,
            "min": 85.757,
            "med": 4989.629,
            "max": 60025.178
        },
        "http_req_sending": {
            "avg": 0.13246599140215354,
            "min": 0.014,
            "med": 0.071,
            "max": 11.205,
            "p(90)": 0.273,
            "p(95)": 0.354,
            "p(99)": 0.7609999999999992
        },
        "http_req_receiving": {
            "p(99)": 50.94039999999999,
            "avg": 1.193061951592939,
            "min": 0,
            "med": 0.055,
            "max": 204.666,
            "p(90)": 0.24,
            "p(95)": 0.364
        },
        "target_success": {
            "count": 7171,
            "rate": 12.58877900210622
        },
        "target_fail": {
            "count": 1001,
            "rate": 1.7572678540103648
        },
        "http_req_blocked": {
            "med": 0.001,
            "max": 194.664,
            "p(90)": 0.002,
            "p(95)": 0.002,
            "p(99)": 118.50779999999999,
            "avg": 3.467180613625893,
            "min": 0
        },
        "http_reqs": {
            "count": 16981,
            "rate": 29.810355073876128
        },
        "data_received": {
            "count": 57375909,
            "rate": 100724.11636396001
        },
        "data_sent": {
            "count": 6459272,
            "rate": 11339.331714195043
        },
        "checks": {
            "passes": 29380,
            "fails": 3582,
            "value": 0.8913294096232025
        },
        "http_req_failed": {
            "passes": 1933,
            "fails": 15048,
            "value": 0.11383310759083681
        },
        "iteration_duration": {
            "max": 180009.629042,
            "p(90)": 68471.0186666,
            "p(95)": 120002.26917895001,
            "p(99)": 154935.61222481984,
            "avg": 25014.806704957184,
            "min": 436.778042,
            "med": 11171.501812499999
        },
        "http_req_tls_handshaking": {
            "med": 0,
            "max": 144.606,
            "p(90)": 0,
            "p(95)": 0,
            "p(99)": 65.4026,
            "avg": 1.9028431776691601,
            "min": 0
        }
    },
    "root_group": {
        "name": "",
        "path": "",
        "id": "d41d8cd98f00b204e9800998ecf8427e",
        "groups": {},
        "checks": {
                "add-item 200": {
                    "name": "add-item 200",
                    "path": "::add-item 200",
                    "id": "33c9fa24edc9e82dc71c99a3b7d11540",
                    "passes": 7519,
                    "fails": 790
                },
                "has items": {
                    "name": "has items",
                    "path": "::has items",
                    "id": "a26ba3373a464cabfd3ac187534f4261",
                    "passes": 7519,
                    "fails": 790
                },
                "checkout 200": {
                    "name": "checkout 200",
                    "path": "::checkout 200",
                    "id": "acab75c6e41819050be5685e71d4a1fb",
                    "passes": 7171,
                    "fails": 1001
                },
                "order created": {
                    "fails": 1001,
                    "name": "order created",
                    "path": "::order created",
                    "id": "5e7ce872bb14a562c4b9054c8eda7170",
                    "passes": 7171
                }
            }
    }
}