{
    "metrics": {
        "iteration_duration": {
            "p(99)": 3307.3152706799997,
            "avg": 2556.513282916938,
            "min": 344.331875,
            "med": 2800.53275,
            "max": 107266.935334,
            "p(90)": 3084.2168917999998,
            "p(95)": 3160.2569337
        },
        "vus_max": {
            "value": 50,
            "min": 50,
            "max": 50
        },
        "http_req_connecting": {
            "p(99)": 0,
            "avg": 0.20156998587570624,
            "min": 0,
            "med": 0,
            "max": 75.057,
            "p(90)": 0,
            "p(95)": 0
        },
        "http_req_failed": {
            "passes": 2,
            "fails": 14158,
            "value": 0.00014124293785310735
        },
        "data_sent": {
            "rate": 11063.803665533911,
            "count": 4649660
        },
        "http_req_duration": {
            "avg": 1272.8928392655364,
            "min": 83.588,
            "med": 324.947,
            "max": 60001.353,
            "p(90)": 2742.8156999999997,
            "p(95)": 2833.989,
            "p(99)": 2992.19147
        },
        "http_reqs": {
            "count": 14160,
            "rate": 33.693530258978114
        },
        "target_fail": {
            "count": 1,
            "rate": 0.0023794866002103186
        },
        "target_duration": {
            "p(95)": 2906,
            "p(99)": 3046.46,
            "avg": 2298.365839829908,
            "min": 253,
            "med": 2559,
            "max": 47266,
            "p(90)": 2834,
            "thresholds": {
                "p(95)<5000": false
            }
        },
        "http_req_duration{expected_response:true}": {
            "p(90)": 2742.695,
            "p(95)": 2833.8053499999996,
            "p(99)": 2990.43879,
            "avg": 1265.4962463624795,
            "min": 83.588,
            "med": 324.646,
            "max": 59680.896
        },
        "http_req_waiting": {
            "min": 83.458,
            "med": 324.0875,
            "max": 60001.304,
            "p(90)": 2742.5567,
            "p(95)": 2833.72955,
            "p(99)": 2992.04661,
            "avg": 1272.4690159604543
        },
        "target_success": {
            "count": 7054,
            "rate": 16.784898477883587
        },
        "http_req_sending": {
            "p(95)": 0.413,
            "p(99)": 1.04741,
            "avg": 0.1263717514124289,
            "min": 0.015,
            "med": 0.058,
            "max": 28.852,
            "p(90)": 0.262
        },
        "vus": {
            "value": 1,
            "min": 0,
            "max": 50
        },
        "http_req_tls_handshaking": {
            "p(90)": 0,
            "p(95)": 0,
            "p(99)": 0,
            "avg": 0.25071475988700564,
            "min": 0,
            "med": 0,
            "max": 150.927
        },
        "http_req_receiving": {
            "p(90)": 0.178,
            "p(95)": 0.29304999999999937,
            "p(99)": 1.1869399999999959,
            "avg": 0.2974515536723137,
            "min": 0,
            "med": 0.057,
            "max": 93.775
        },
        "data_received": {
            "count": 39042512,
            "rate": 92901.13414255057
        },
        "http_req_blocked": {
            "max": 205.374,
            "p(90)": 0.001,
            "p(95)": 0.002,
            "p(99)": 0.003,
            "avg": 0.4593460451978373,
            "min": 0,
            "med": 0
        },
        "checks": {
            "passes": 28216,
            "fails": 4,
            "value": 0.9998582565556343
        },
        "iterations": {
            "count": 7055,
            "rate": 16.7872779644838
        }
    },
    "root_group": {
        "id": "d41d8cd98f00b204e9800998ecf8427e",
        "groups": {},
        "checks": {
                "add-item 200": {
                    "passes": 7054,
                    "fails": 1,
                    "name": "add-item 200",
                    "path": "::add-item 200",
                    "id": "33c9fa24edc9e82dc71c99a3b7d11540"
                },
                "has items": {
                    "fails": 1,
                    "name": "has items",
                    "path": "::has items",
                    "id": "a26ba3373a464cabfd3ac187534f4261",
                    "passes": 7054
                },
                "checkout 200": {
                    "name": "checkout 200",
                    "path": "::checkout 200",
                    "id": "acab75c6e41819050be5685e71d4a1fb",
                    "passes": 7054,
                    "fails": 1
                },
                "order created": {
                    "name": "order created",
                    "path": "::order created",
                    "id": "5e7ce872bb14a562c4b9054c8eda7170",
                    "passes": 7054,
                    "fails": 1
                }
            },
        "name": "",
        "path": ""
    }
}