{
    "root_group": {
        "name": "",
        "path": "",
        "id": "d41d8cd98f00b204e9800998ecf8427e",
        "groups": {},
        "checks": {
                "add-item 200": {
                    "fails": 0,
                    "name": "add-item 200",
                    "path": "::add-item 200",
                    "id": "33c9fa24edc9e82dc71c99a3b7d11540",
                    "passes": 636
                },
                "has items": {
                    "name": "has items",
                    "path": "::has items",
                    "id": "a26ba3373a464cabfd3ac187534f4261",
                    "passes": 636,
                    "fails": 0
                },
                "apply-coupon 200": {
                    "path": "::apply-coupon 200",
                    "id": "956e5dbcf1a03d5fbb3b838a9e6a2cc9",
                    "passes": 1,
                    "fails": 635,
                    "name": "apply-coupon 200"
                }
            }
    },
    "metrics": {
        "checks": {
            "passes": 1273,
            "fails": 635,
            "value": 0.6671907756813418
        },
        "http_req_blocked": {
            "med": 0.001,
            "max": 171.93,
            "p(90)": 0.001,
            "p(95)": 0.001,
            "p(99)": 0.002,
            "avg": 0.13567242733700188,
            "min": 0
        },
        "vus_max": {
            "value": 1,
            "min": 1,
            "max": 1
        },
        "target_success": {
            "count": 1,
            "rate": 0.008330239482389574
        },
        "http_req_duration": {
            "avg": 93.76531971720355,
            "min": 74.887,
            "med": 91.43,
            "max": 961.187,
            "p(90)": 104.94800000000001,
            "p(95)": 113.14859999999999,
            "p(99)": 127.90836
        },
        "http_req_connecting": {
            "avg": 0.040172820109976436,
            "min": 0,
            "med": 0,
            "max": 51.14,
            "p(90)": 0,
            "p(95)": 0,
            "p(99)": 0
        },
        "vus": {
            "min": 1,
            "max": 1,
            "value": 1
        },
        "http_req_failed": {
            "passes": 635,
            "fails": 638,
            "value": 0.4988216810683425
        },
        "target_duration": {
            "med": 87,
            "max": 323,
            "p(90)": 102,
            "p(95)": 108,
            "p(99)": 122.94999999999999,
            "avg": 89.86949685534591,
            "min": 75,
            "thresholds": {
                "p(95)<5000": false
            }
        },
        "http_req_tls_handshaking": {
            "min": 0,
            "med": 0,
            "max": 69.461,
            "p(90)": 0,
            "p(95)": 0,
            "p(99)": 0,
            "avg": 0.05456480754124116
        },
        "http_req_sending": {
            "min": 0.043,
            "med": 0.094,
            "max": 7.16,
            "p(90)": 0.222,
            "p(95)": 0.3344,
            "p(99)": 1.02476,
            "avg": 0.1506402199528672
        },
        "target_fail": {
            "count": 635,
            "rate": 5.28970207131738
        },
        "data_received": {
            "count": 2578342,
            "rate": 21478.2063275033
        },
        "http_req_receiving": {
            "p(95)": 0.21379999999999988,
            "p(99)": 0.5941599999999991,
            "avg": 0.14168578161822462,
            "min": 0.016,
            "med": 0.065,
            "max": 48.236,
            "p(90)": 0.15380000000000002
        },
        "iterations": {
            "count": 636,
            "rate": 5.298032310799769
        },
        "http_req_waiting": {
            "max": 960.984,
            "p(90)": 104.3358,
            "p(95)": 112.9326,
            "p(99)": 127.68632,
            "avg": 93.47299371563244,
            "min": 74.449,
            "med": 91.12
        },
        "data_sent": {
            "count": 165624,
            "rate": 1379.6875840312907
        },
        "http_reqs": {
            "rate": 10.604394861081929,
            "count": 1273
        },
        "http_req_duration{expected_response:true}": {
            "min": 83.992,
            "med": 93.753,
            "max": 961.187,
            "p(90)": 109.7197,
            "p(95)": 115.70345,
            "p(99)": 130.33257,
            "avg": 97.89972257053292
        },
        "iteration_duration": {
            "p(99)": 248.37739954999998,
            "avg": 188.79172858490554,
            "min": 165.0215,
            "med": 181.9651045,
            "max": 1476.376583,
            "p(90)": 209.6675625,
            "p(95)": 224.04886424999998
        }
    }
}