{
    "root_group": {
        "id": "d41d8cd98f00b204e9800998ecf8427e",
        "groups": {},
        "checks": {
                "add-item 200": {
                    "name": "add-item 200",
                    "path": "::add-item 200",
                    "id": "33c9fa24edc9e82dc71c99a3b7d11540",
                    "passes": 26654,
                    "fails": 0
                },
                "has items": {
                    "id": "a26ba3373a464cabfd3ac187534f4261",
                    "passes": 26654,
                    "fails": 0,
                    "name": "has items",
                    "path": "::has items"
                },
                "apply-coupon 200": {
                    "name": "apply-coupon 200",
                    "path": "::apply-coupon 200",
                    "id": "956e5dbcf1a03d5fbb3b838a9e6a2cc9",
                    "passes": 50,
                    "fails": 26604
                }
            },
        "name": "",
        "path": ""
    },
    "metrics": {
        "target_success": {
            "count": 50,
            "rate": 0.11901654666101316
        },
        "http_req_waiting": {
            "max": 26627.134,
            "p(90)": 437.7573,
            "p(95)": 460.46915,
            "p(99)": 503.62722999999994,
            "avg": 336.93453049215,
            "min": 76.383,
            "med": 352.2345
        },
        "vus": {
            "value": 1,
            "min": 0,
            "max": 50
        },
        "http_req_sending": {
            "avg": 0.0830708609767969,
            "min": 0.013,
            "med": 0.052,
            "max": 74.708,
            "p(90)": 0.095,
            "p(95)": 0.133,
            "p(99)": 0.414
        },
        "checks": {
            "passes": 53358,
            "fails": 26604,
            "value": 0.6672919636827493
        },
        "vus_max": {
            "value": 50,
            "min": 50,
            "max": 50
        },
        "data_received": {
            "count": 114800540,
            "rate": 273263.2765123902
        },
        "http_reqs": {
            "count": 53358,
            "rate": 127.0096979347668
        },
        "http_req_duration": {
            "p(95)": 460.66504999999995,
            "p(99)": 503.92789,
            "avg": 337.1387915589068,
            "min": 76.468,
            "med": 352.406,
            "max": 26627.259,
            "p(90)": 437.9416
        },
        "data_sent": {
            "count": 6903973,
            "rate": 16433.7404940175
        },
        "http_req_blocked": {
            "p(95)": 0.001,
            "p(99)": 0.001,
            "avg": 0.12321140222653273,
            "min": 0,
            "med": 0,
            "max": 238.409,
            "p(90)": 0.001
        },
        "http_req_connecting": {
            "min": 0,
            "med": 0,
            "max": 149.742,
            "p(90)": 0,
            "p(95)": 0,
            "p(99)": 0,
            "avg": 0.057197083848719965
        },
        "http_req_failed": {
            "fails": 26754,
            "passes": 26604,
            "value": 0.49859440008995837
        },
        "iteration_duration": {
            "med": 726.6260625,
            "max": 26997.723959,
            "p(90)": 820.4156042000001,
            "p(95)": 846.0581104,
            "p(99)": 898.807055,
            "avg": 675.7063068957377,
            "min": 168.261625
        },
        "iterations": {
            "rate": 63.445340694052895,
            "count": 26654
        },
        "http_req_duration{expected_response:true}": {
            "p(90)": 459.899,
            "p(95)": 478.68059999999997,
            "p(99)": 519.6831999999999,
            "avg": 365.7259914405328,
            "min": 87.781,
            "med": 390.304,
            "max": 26627.259
        },
        "http_req_tls_handshaking": {
            "med": 0,
            "max": 106.088,
            "p(90)": 0,
            "p(95)": 0,
            "p(99)": 0,
            "avg": 0.06488385996476628,
            "min": 0
        },
        "http_req_receiving": {
            "p(95)": 0.109,
            "p(99)": 0.262,
            "avg": 0.12119020577982757,
            "min": 0.007,
            "med": 0.04,
            "max": 102.816,
            "p(90)": 0.085
        },
        "target_fail": {
            "count": 26604,
            "rate": 63.32632414739189
        },
        "target_duration": {
            "p(90)": 386,
            "p(95)": 402,
            "p(99)": 435,
            "avg": 308.3817813461394,
            "min": 77,
            "med": 329,
            "max": 568,
            "thresholds": {
                "p(95)<5000": false
            }
        }
    }
}