{
    "root_group": {
        "name": "",
        "path": "",
        "id": "d41d8cd98f00b204e9800998ecf8427e",
        "groups": {},
        "checks": {
                "add-item 200": {
                    "name": "add-item 200",
                    "path": "::add-item 200",
                    "id": "33c9fa24edc9e82dc71c99a3b7d11540",
                    "passes": 1258,
                    "fails": 0
                },
                "has items": {
                    "name": "has items",
                    "path": "::has items",
                    "id": "a26ba3373a464cabfd3ac187534f4261",
                    "passes": 1258,
                    "fails": 0
                }
            }
    },
    "metrics": {
        "http_req_duration": {
            "med": 92.172,
            "max": 1022.003,
            "p(90)": 101.8806,
            "p(95)": 105.8995,
            "p(99)": 119.29565999999998,
            "avg": 94.48427164416199,
            "min": 81.732
        },
        "http_req_receiving": {
            "p(90)": 0.221,
            "p(95)": 0.3412999999999998,
            "p(99)": 1.8912399999999987,
            "avg": 0.2142319301032567,
            "min": 0.021,
            "med": 0.082,
            "max": 46.216
        },
        "data_sent": {
            "count": 202094,
            "rate": 1683.2205761392827
        },
        "http_req_failed": {
            "fails": 1259,
            "passes": 0,
            "value": 0
        },
        "http_req_blocked": {
            "min": 0,
            "med": 0.001,
            "max": 221.686,
            "p(90)": 0.001,
            "p(95)": 0.002,
            "p(99)": 0.002,
            "avg": 0.17671247021445857
        },
        "iterations": {
            "count": 1258,
            "rate": 10.477755325656464
        },
        "http_reqs": {
            "count": 1259,
            "rate": 10.486084224961438
        },
        "vus_max": {
            "value": 1,
            "min": 1,
            "max": 1
        },
        "target_success": {
            "count": 1258,
            "rate": 10.477755325656464
        },
        "http_req_tls_handshaking": {
            "avg": 0.05993963463065925,
            "min": 0,
            "med": 0,
            "max": 75.464,
            "p(90)": 0,
            "p(95)": 0,
            "p(99)": 0
        },
        "http_req_sending": {
            "avg": 0.2290047656870534,
            "min": 0.032,
            "med": 0.091,
            "max": 56.572,
            "p(90)": 0.3394000000000001,
            "p(95)": 0.4900999999999999,
            "p(99)": 1.6916599999999993
        },
        "vus": {
            "value": 1,
            "min": 1,
            "max": 1
        },
        "http_req_duration{expected_response:true}": {
            "p(90)": 101.8806,
            "p(95)": 105.8995,
            "p(99)": 119.29565999999998,
            "avg": 94.48427164416199,
            "min": 81.732,
            "med": 92.172,
            "max": 1022.003
        },
        "checks": {
            "passes": 2516,
            "fails": 0,
            "value": 1
        },
        "http_req_waiting": {
            "avg": 94.04103494837182,
            "min": 81.553,
            "med": 91.817,
            "max": 1021.823,
            "p(90)": 101.474,
            "p(95)": 105.54709999999999,
            "p(99)": 117.7647
        },
        "iteration_duration": {
            "min": 82.186625,
            "med": 92.7157915,
            "max": 1437.22925,
            "p(90)": 102.9879037,
            "p(95)": 106.60891249999999,
            "p(99)": 121.35556361999998,
            "avg": 95.41066108982518
        },
        "http_req_connecting": {
            "max": 63.122,
            "p(90)": 0,
            "p(95)": 0,
            "p(99)": 0,
            "avg": 0.050136616362192216,
            "min": 0,
            "med": 0
        },
        "target_duration": {
            "avg": 95.05325914149444,
            "min": 82,
            "med": 93,
            "max": 1022,
            "p(90)": 103,
            "p(95)": 107,
            "p(99)": 121.42999999999999,
            "thresholds": {
                "p(95)<5000": false
            }
        },
        "data_received": {
            "count": 4301838,
            "rate": 35829.57552830791
        }
    }
}