{
    "root_group": {
        "checks": {
            "add-item 200": {
                "name": "add-item 200",
                "path": "::add-item 200",
                "id": "33c9fa24edc9e82dc71c99a3b7d11540",
                "passes": 26321,
                "fails": 9
            },
            "has items": {
                "name": "has items",
                "path": "::has items",
                "id": "a26ba3373a464cabfd3ac187534f4261",
                "passes": 26321,
                "fails": 9
            },
            "apply-coupon 200": {
                "path": "::apply-coupon 200",
                "id": "956e5dbcf1a03d5fbb3b838a9e6a2cc9",
                "passes": 51,
                "fails": 26279,
                "name": "apply-coupon 200"
            }
        },
        "name": "",
        "path": "",
        "id": "d41d8cd98f00b204e9800998ecf8427e",
        "groups": {}
    },
    "metrics": {
        "target_duration": {
            "p(95)": 388,
            "p(99)": 428,
            "avg": 307.2656285605773,
            "min": 74,
            "med": 297,
            "max": 60001,
            "p(90)": 367,
            "thresholds": {
                "p(95)<5000": false
            }
        },
        "http_reqs": {
            "count": 52710,
            "rate": 125.47151647205231
        },
        "checks": {
            "passes": 52693,
            "fails": 26297,
            "value": 0.6670844410684896
        },
        "target_success": {
            "count": 51,
            "rate": 0.12140101195360782
        },
        "http_req_duration{expected_response:true}": {
            "min": 82.596,
            "med": 351.875,
            "max": 59907.885,
            "p(90)": 436.649,
            "p(95)": 462.506,
            "p(99)": 515.7379999999999,
            "avg": 353.3521399265718
        },
        "http_req_receiving": {
            "med": 0.03,
            "max": 64.526,
            "p(90)": 0.11,
            "p(95)": 0.16254999999999767,
            "p(99)": 0.4409099999999995,
            "avg": 0.10417148548663194,
            "min": 0
        },
        "data_sent": {
            "count": 6820191,
            "rate": 16234.864492488008
        },
        "vus": {
            "value": 1,
            "min": 0,
            "max": 50
        },
        "http_req_blocked": {
            "med": 0,
            "max": 175.978,
            "p(90)": 0.001,
            "p(95)": 0.001,
            "p(99)": 0.002,
            "avg": 0.1104714854866865,
            "min": 0
        },
        "http_req_connecting": {
            "max": 64.426,
            "p(90)": 0,
            "p(95)": 0,
            "p(99)": 0,
            "avg": 0.04830104344526655,
            "min": 0,
            "med": 0
        },
        "http_req_failed": {
            "passes": 26289,
            "fails": 26421,
            "value": 0.49874786568013657
        },
        "vus_max": {
            "value": 50,
            "min": 50,
            "max": 50
        },
        "http_req_waiting": {
            "avg": 341.09278394991696,
            "min": 73.954,
            "med": 320.97749999999996,
            "max": 60002.49,
            "p(90)": 412.0553,
            "p(95)": 439.94765,
            "p(99)": 497.9626599999999
        },
        "iteration_duration": {
            "p(95)": 826.6596003,
            "p(99)": 894.3041934299999,
            "avg": 684.0429345556859,
            "min": 158.155125,
            "med": 651.6497919999999,
            "max": 142111.007875,
            "p(90)": 788.1886164
        },
        "data_received": {
            "count": 112738100,
            "rate": 268363.12599464774
        },
        "http_req_sending": {
            "avg": 0.09419749573135965,
            "min": 0.014,
            "med": 0.042,
            "max": 21.042,
            "p(90)": 0.18,
            "p(95)": 0.269,
            "p(99)": 0.7789099999999995
        },
        "target_fail": {
            "count": 26279,
            "rate": 62.55484692409529
        },
        "http_req_duration": {
            "med": 321.207,
            "max": 60002.523,
            "p(90)": 412.1877,
            "p(95)": 440.05365,
            "p(99)": 498.02618999999993,
            "avg": 341.29115293113347,
            "min": 74.046
        },
        "http_req_tls_handshaking": {
            "min": 0,
            "med": 0,
            "max": 111.451,
            "p(90)": 0,
            "p(95)": 0,
            "p(99)": 0,
            "avg": 0.060952627584898514
        },
        "iterations": {
            "count": 26330,
            "rate": 62.676247936048895
        }
    }
}