{
    "metrics": {
        "data_received": {
            "count": 67513554,
            "rate": 118493.54573078119
        },
        "http_req_failed": {
            "passes": 1718,
            "fails": 14958,
            "value": 0.10302230750779563
        },
        "target_duration": {
            "max": 60020,
            "p(90)": 49138.5,
            "p(95)": 60001,
            "p(99)": 60002,
            "avg": 12075.764033135509,
            "min": 82,
            "med": 1856.5,
            "thresholds": {
                "p(95)<5000": true
            }
        },
        "http_req_receiving": {
            "p(95)": 0.30524999999999924,
            "p(99)": 2741.4009999999907,
            "avg": 40.21992378268125,
            "min": 0,
            "med": 0.045,
            "max": 5207.067,
            "p(90)": 0.215
        },
        "http_req_sending": {
            "avg": 0.13330702806428346,
            "min": 0.016,
            "med": 0.067,
            "max": 9.073,
            "p(90)": 0.284,
            "p(95)": 0.366,
            "p(99)": 0.8524999999999997
        },
        "data_sent": {
            "count": 3508267,
            "rate": 6157.385762869046
        },
        "http_req_blocked": {
            "med": 0,
            "max": 175.042,
            "p(90)": 0.002,
            "p(95)": 0.002,
            "p(99)": 117.65775,
            "avg": 3.4769890861111987,
            "min": 0
        },
        "iterations": {
            "rate": 28.39061910059003,
            "count": 16176
        },
        "vus_max": {
            "value": 500,
            "min": 500,
            "max": 500
        },
        "http_reqs": {
            "count": 16676,
            "rate": 29.268172856172068
        },
        "http_req_duration": {
            "max": 60019.204,
            "p(90)": 59882.2755,
            "p(95)": 60000.9765,
            "p(99)": 60001.38725,
            "avg": 12650.958965699161,
            "min": 81.442,
            "med": 3480.544
        },
        "target_success": {
            "rate": 25.763223156377414,
            "count": 14679
        },
        "http_req_tls_handshaking": {
            "p(95)": 0,
            "p(99)": 65.252,
            "avg": 1.921660410170305,
            "min": 0,
            "med": 0,
            "max": 96.824,
            "p(90)": 0
        },
        "checks": {
            "passes": 29358,
            "fails": 2994,
            "value": 0.9074554896142433
        },
        "http_req_waiting": {
            "min": 81.351,
            "med": 3258.426,
            "max": 60019.148,
            "p(90)": 59878.380000000005,
            "p(95)": 60000.8545,
            "p(99)": 60001.30925,
            "avg": 12610.60573488847
        },
        "iteration_duration": {
            "p(99)": 120001.74473949999,
            "avg": 13046.107682349675,
            "min": 81.643625,
            "med": 1925.5057705,
            "max": 120017.458583,
            "p(90)": 50368.415208500024,
            "p(95)": 60001.25325
        },
        "target_fail": {
            "count": 1497,
            "rate": 2.627395944212616
        },
        "http_req_connecting": {
            "p(90)": 0,
            "p(95)": 0,
            "p(99)": 52.21824999999999,
            "avg": 1.545701127368674,
            "min": 0,
            "med": 0,
            "max": 115.872
        },
        "vus": {
            "value": 3,
            "min": 2,
            "max": 500
        },
        "http_req_duration{expected_response:true}": {
            "max": 59711.49,
            "p(90)": 26860.331000000006,
            "p(95)": 30791.473799999956,
            "p(99)": 48663.50343,
            "avg": 7214.2794612916,
            "min": 81.442,
            "med": 500.646
        }
    },
    "root_group": {
        "path": "",
        "id": "d41d8cd98f00b204e9800998ecf8427e",
        "groups": {},
        "checks": {
                "add-item 200": {
                    "passes": 14679,
                    "fails": 1497,
                    "name": "add-item 200",
                    "path": "::add-item 200",
                    "id": "33c9fa24edc9e82dc71c99a3b7d11540"
                },
                "has items": {
                    "name": "has items",
                    "path": "::has items",
                    "id": "a26ba3373a464cabfd3ac187534f4261",
                    "passes": 14679,
                    "fails": 1497
                }
            },
        "name": ""
    }
}