{
    "root_group": {
        "checks": {
            "add-item 200": {
                "passes": 626,
                "fails": 0,
                "name": "add-item 200",
                "path": "::add-item 200",
                "id": "33c9fa24edc9e82dc71c99a3b7d11540"
            },
            "has items": {
                "name": "has items",
                "path": "::has items",
                "id": "a26ba3373a464cabfd3ac187534f4261",
                "passes": 626,
                "fails": 0
            },
            "apply-coupon 200": {
                "name": "apply-coupon 200",
                "path": "::apply-coupon 200",
                "id": "956e5dbcf1a03d5fbb3b838a9e6a2cc9",
                "passes": 1,
                "fails": 625
            }
        },
        "name": "",
        "path": "",
        "id": "d41d8cd98f00b204e9800998ecf8427e",
        "groups": {}
    },
    "metrics": {
        "target_fail": {
            "count": 625,
            "rate": 5.206156639242466
        },
        "http_req_failed": {
            "passes": 625,
            "fails": 628,
            "value": 0.49880287310454907
        },
        "target_success": {
            "rate": 0.008329850622787946,
            "count": 1
        },
        "http_req_tls_handshaking": {
            "p(90)": 0,
            "p(95)": 0,
            "p(99)": 0,
            "avg": 0.06959936153232242,
            "min": 0,
            "med": 0,
            "max": 87.208
        },
        "http_req_connecting": {
            "avg": 0.06926496408619313,
            "min": 0,
            "med": 0,
            "max": 86.789,
            "p(90)": 0,
            "p(95)": 0,
            "p(99)": 0
        },
        "http_req_receiving": {
            "max": 107.046,
            "p(90)": 0.15,
            "p(95)": 0.18579999999999988,
            "p(99)": 0.5277199999999996,
            "avg": 0.18797685554668786,
            "min": 0.021,
            "med": 0.067
        },
        "checks": {
            "passes": 1253,
            "fails": 625,
            "value": 0.667199148029819
        },
        "http_req_blocked": {
            "min": 0,
            "med": 0.001,
            "max": 225.286,
            "p(90)": 0.001,
            "p(95)": 0.001,
            "p(99)": 0.002,
            "avg": 0.18073343974461542
        },
        "http_reqs": {
            "count": 1253,
            "rate": 10.437302830353296
        },
        "http_req_duration": {
            "avg": 95.31226177174777,
            "min": 76.958,
            "med": 92.075,
            "max": 291.703,
            "p(90)": 111.14500000000001,
            "p(95)": 120.18679999999999,
            "p(99)": 148.11688
        },
        "vus_max": {
            "value": 1,
            "min": 1,
            "max": 1
        },
        "target_duration": {
            "max": 196,
            "p(90)": 107,
            "p(95)": 114,
            "p(99)": 140.5,
            "avg": 91.61022364217253,
            "min": 77,
            "med": 88,
            "thresholds": {
                "p(95)<5000": false
            }
        },
        "http_req_duration{expected_response:true}": {
            "p(90)": 115.5731,
            "p(95)": 122.89629999999997,
            "p(99)": 157.60832999999994,
            "avg": 99.16586464968152,
            "min": 83.693,
            "med": 94.319,
            "max": 291.703
        },
        "data_received": {
            "count": 2539822,
            "rate": 21156.337868470524
        },
        "http_req_sending": {
            "med": 0.093,
            "max": 5.823,
            "p(90)": 0.193,
            "p(95)": 0.2704,
            "p(99)": 0.7471999999999995,
            "avg": 0.13833998403830822,
            "min": 0.041
        },
        "iteration_duration": {
            "avg": 191.75762830351457,
            "min": 163.897,
            "med": 183.28562499999998,
            "max": 725.663541,
            "p(90)": 222.6939375,
            "p(95)": 234.1475735,
            "p(99)": 262.3987395
        },
        "vus": {
            "max": 1,
            "value": 1,
            "min": 1
        },
        "data_sent": {
            "rate": 1355.3666545350723,
            "count": 162712
        },
        "iterations": {
            "count": 626,
            "rate": 5.214486489865254
        },
        "http_req_waiting": {
            "avg": 94.98594493216285,
            "min": 76.835,
            "med": 91.827,
            "max": 194.498,
            "p(90)": 110.891,
            "p(95)": 119.97519999999999,
            "p(99)": 147.95524
        }
    }
}