{
    "metrics": {
        "http_req_duration{expected_response:true}": {
            "med": 373.594,
            "max": 710.156,
            "p(90)": 438.6419,
            "p(95)": 456.18345,
            "p(99)": 492.67723,
            "avg": 348.32556052855944,
            "min": 81.59
        },
        "http_req_sending": {
            "min": 0.015,
            "med": 0.041,
            "max": 79.535,
            "p(90)": 0.227,
            "p(95)": 0.384,
            "p(99)": 1.287009999999996,
            "avg": 0.1188247306827859
        },
        "iteration_duration": {
            "p(95)": 456.9011048,
            "p(99)": 494.21705450999997,
            "avg": 349.19536132353073,
            "min": 81.866292,
            "med": 374.2254585,
            "max": 956.582792,
            "p(90)": 439.1989044
        },
        "http_req_waiting": {
            "avg": 348.0698248856824,
            "min": 81.465,
            "med": 373.3605,
            "max": 710.109,
            "p(90)": 438.461,
            "p(95)": 456.02785,
            "p(99)": 492.51934
        },
        "vus": {
            "value": 1,
            "min": 0,
            "max": 50
        },
        "data_sent": {
            "count": 8240631,
            "rate": 19617.96930284766
        },
        "http_req_tls_handshaking": {
            "avg": 0.0635561109819422,
            "min": 0,
            "med": 0,
            "max": 102.647,
            "p(90)": 0,
            "p(95)": 0,
            "p(99)": 0
        },
        "data_received": {
            "count": 183064468,
            "rate": 435810.45112517936
        },
        "target_duration": {
            "p(99)": 493,
            "avg": 348.77657965168146,
            "min": 82,
            "med": 374,
            "max": 711,
            "p(90)": 439,
            "p(95)": 457,
            "thresholds": {
                "p(95)<5000": false
            }
        },
        "http_req_receiving": {
            "max": 58.713,
            "p(90)": 0.149,
            "p(95)": 0.239,
            "p(99)": 0.8768899999999995,
            "avg": 0.13691091219096707,
            "min": 0.008,
            "med": 0.037
        },
        "checks": {
            "passes": 103124,
            "fails": 0,
            "value": 1
        },
        "iterations": {
            "count": 51562,
            "rate": 122.7505191281385
        },
        "vus_max": {
            "value": 50,
            "min": 50,
            "max": 50
        },
        "http_req_duration": {
            "p(95)": 456.18345,
            "p(99)": 492.67723,
            "avg": 348.32556052855944,
            "min": 81.59,
            "med": 373.594,
            "max": 710.156,
            "p(90)": 438.6419
        },
        "http_req_blocked": {
            "max": 179.682,
            "p(90)": 0.001,
            "p(95)": 0.001,
            "p(99)": 0.002,
            "avg": 0.11431754243206073,
            "min": 0,
            "med": 0
        },
        "http_req_failed": {
            "passes": 0,
            "fails": 51612,
            "value": 0
        },
        "http_reqs": {
            "count": 51612,
            "rate": 122.8695510888151
        },
        "http_req_connecting": {
            "p(90)": 0,
            "p(95)": 0,
            "p(99)": 0,
            "avg": 0.049322735022862906,
            "min": 0,
            "med": 0,
            "max": 76.925
        },
        "target_success": {
            "count": 51562,
            "rate": 122.7505191281385
        }
    },
    "root_group": {
        "checks": {
            "add-item 200": {
                "fails": 0,
                "name": "add-item 200",
                "path": "::add-item 200",
                "id": "33c9fa24edc9e82dc71c99a3b7d11540",
                "passes": 51562
            },
            "has items": {
                "fails": 0,
                "name": "has items",
                "path": "::has items",
                "id": "a26ba3373a464cabfd3ac187534f4261",
                "passes": 51562
            }
        },
        "name": "",
        "path": "",
        "id": "d41d8cd98f00b204e9800998ecf8427e",
        "groups": {}
    }
}