{
    "root_group": {
        "groups": {},
        "checks": {
                "add-item 200": {
                    "fails": 573,
                    "name": "add-item 200",
                    "path": "::add-item 200",
                    "id": "33c9fa24edc9e82dc71c99a3b7d11540",
                    "passes": 59133
                },
                "has items": {
                    "id": "a26ba3373a464cabfd3ac187534f4261",
                    "passes": 59133,
                    "fails": 573,
                    "name": "has items",
                    "path": "::has items"
                }
            },
        "name": "",
        "path": "",
        "id": "d41d8cd98f00b204e9800998ecf8427e"
    },
    "metrics": {
        "http_req_blocked": {
            "avg": 0.3894992488232318,
            "min": 0,
            "med": 0,
            "max": 211.002,
            "p(90)": 0.001,
            "p(95)": 0.001,
            "p(99)": 0.002
        },
        "http_req_tls_handshaking": {
            "max": 122.758,
            "p(90)": 0,
            "p(95)": 0,
            "p(99)": 0,
            "avg": 0.21350963175641832,
            "min": 0,
            "med": 0
        },
        "http_req_waiting": {
            "avg": 1306.4952581878265,
            "min": 82.225,
            "med": 455.41600000000005,
            "max": 60016.115,
            "p(90)": 583.551,
            "p(95)": 821.1842499999999,
            "p(99)": 59895.9433
        },
        "target_duration": {
            "p(99)": 59897.85,
            "avg": 1241.571952567581,
            "min": 83,
            "med": 456,
            "max": 60017,
            "p(90)": 582,
            "p(95)": 802.7499999999974,
            "thresholds": {
                "p(95)<5000": false
            }
        },
        "http_req_duration{expected_response:true}": {
            "max": 59998.628,
            "p(90)": 572.8998,
            "p(95)": 710.6394499999989,
            "p(99)": 2814.4724699999992,
            "avg": 697.0580975206557,
            "min": 82.331,
            "med": 454.48400000000004
        },
        "http_req_sending": {
            "avg": 0.08742703568924537,
            "min": 0.014,
            "med": 0.045,
            "max": 29.062,
            "p(90)": 0.157,
            "p(95)": 0.233,
            "p(99)": 0.604
        },
        "target_success": {
            "count": 59133,
            "rate": 115.94544058892919
        },
        "data_sent": {
            "count": 9808325,
            "rate": 19231.741389146653
        },
        "iterations": {
            "count": 59706,
            "rate": 117.06895431996696
        },
        "target_fail": {
            "count": 573,
            "rate": 1.1235137310377696
        },
        "vus": {
            "min": 1,
            "max": 200,
            "value": 1
        },
        "vus_max": {
            "value": 200,
            "min": 200,
            "max": 200
        },
        "http_req_failed": {
            "passes": 616,
            "fails": 59290,
            "value": 0.010282776349614395
        },
        "http_req_receiving": {
            "p(95)": 0.181,
            "p(99)": 0.57,
            "avg": 0.20303136580645112,
            "min": 0,
            "med": 0.039,
            "max": 82.169,
            "p(90)": 0.129
        },
        "iteration_duration": {
            "min": 82.613208,
            "med": 456.2304165,
            "max": 120001.934208,
            "p(90)": 584.1465625000001,
            "p(95)": 819.6710729999988,
            "p(99)": 60000.16899585,
            "avg": 1311.9830135129976
        },
        "http_req_connecting": {
            "min": 0,
            "med": 0,
            "max": 104.811,
            "p(90)": 0,
            "p(95)": 0,
            "p(99)": 0,
            "avg": 0.17370240042733612
        },
        "data_received": {
            "count": 217186140,
            "rate": 425849.2329512938
        },
        "checks": {
            "passes": 118266,
            "fails": 1146,
            "value": 0.9904029745754196
        },
        "http_req_duration": {
            "min": 82.331,
            "med": 455.65099999999995,
            "max": 60016.202,
            "p(90)": 583.7905000000001,
            "p(95)": 821.418,
            "p(99)": 59895.9947,
            "avg": 1306.785716589315
        },
        "http_reqs": {
            "count": 59906,
            "rate": 117.46110570950894
        }
    }
}