{
    "root_group": {
        "path": "",
        "id": "d41d8cd98f00b204e9800998ecf8427e",
        "groups": {},
        "checks": {
                "add-item 200": {
                    "name": "add-item 200",
                    "path": "::add-item 200",
                    "id": "33c9fa24edc9e82dc71c99a3b7d11540",
                    "passes": 7671,
                    "fails": 340
                },
                "has items": {
                    "name": "has items",
                    "path": "::has items",
                    "id": "a26ba3373a464cabfd3ac187534f4261",
                    "passes": 7671,
                    "fails": 340
                },
                "checkout 200": {
                    "fails": 415,
                    "name": "checkout 200",
                    "path": "::checkout 200",
                    "id": "acab75c6e41819050be5685e71d4a1fb",
                    "passes": 7534
                },
                "order created": {
                    "passes": 7534,
                    "fails": 415,
                    "name": "order created",
                    "path": "::order created",
                    "id": "5e7ce872bb14a562c4b9054c8eda7170"
                }
            },
        "name": ""
    },
    "metrics": {
        "data_sent": {
            "count": 5597170,
            "rate": 10981.729715360994
        },
        "data_received": {
            "count": 45777722,
            "rate": 89816.56265379375
        },
        "iterations": {
            "count": 7949,
            "rate": 15.596054703967281
        },
        "http_req_waiting": {
            "p(99)": 60001.45582,
            "avg": 4856.698778032172,
            "min": 87.469,
            "med": 1442.9785,
            "max": 60023.164,
            "p(90)": 4192.2404,
            "p(95)": 55327.07719999946
        },
        "target_duration": {
            "min": 110,
            "med": 3303,
            "max": 60023,
            "p(90)": 5185.800000000003,
            "p(95)": 10960.799999999967,
            "p(99)": 60002,
            "avg": 5686.966914077242,
            "thresholds": {
                "p(95)<5000": true
            }
        },
        "http_req_duration{expected_response:true}": {
            "p(99)": 9872.538489999986,
            "avg": 2124.5434995430196,
            "min": 87.586,
            "med": 1190.728,
            "max": 59975.29,
            "p(90)": 3802.018,
            "p(95)": 4405.949049999995
        },
        "iteration_duration": {
            "p(95)": 61189.64995839999,
            "p(99)": 120002.86090032001,
            "avg": 9440.926527497297,
            "min": 367.1185,
            "med": 3595.335333,
            "max": 180004.379583,
            "p(90)": 8299.947308600002
        },
        "checks": {
            "passes": 30410,
            "fails": 1510,
            "value": 0.9526942355889725
        },
        "http_reqs": {
            "count": 16160,
            "rate": 31.706157254511417
        },
        "http_req_failed": {
            "passes": 842,
            "fails": 15318,
            "value": 0.0521039603960396
        },
        "http_req_duration": {
            "p(99)": 60001.546,
            "avg": 4857.249593007415,
            "min": 87.586,
            "med": 1443.121,
            "max": 60023.202,
            "p(90)": 4192.3741,
            "p(95)": 55327.22559999947
        },
        "http_req_receiving": {
            "max": 103.719,
            "p(90)": 0.17010000000000036,
            "p(95)": 0.234,
            "p(99)": 1.5858399999999966,
            "avg": 0.44909857673267406,
            "min": 0,
            "med": 0.054
        },
        "vus": {
            "max": 200,
            "value": 1,
            "min": 1
        },
        "http_req_sending": {
            "med": 0.059,
            "max": 18.986,
            "p(90)": 0.187,
            "p(95)": 0.266,
            "p(99)": 0.5808199999999997,
            "avg": 0.10171639851485113,
            "min": 0.015
        },
        "target_success": {
            "count": 7534,
            "rate": 14.781818611106994
        },
        "target_fail": {
            "count": 415,
            "rate": 0.8142360928602871
        },
        "http_req_blocked": {
            "p(95)": 0.002,
            "p(99)": 112.11619999999996,
            "avg": 1.4720464727723774,
            "min": 0,
            "med": 0,
            "max": 311.24,
            "p(90)": 0.001
        },
        "http_req_connecting": {
            "med": 0,
            "max": 184.428,
            "p(90)": 0,
            "p(95)": 0,
            "p(99)": 49.53069,
            "avg": 0.663585210396039,
            "min": 0
        },
        "http_req_tls_handshaking": {
            "p(99)": 61.02451,
            "avg": 0.8029214108910889,
            "min": 0,
            "med": 0,
            "max": 126.652,
            "p(90)": 0,
            "p(95)": 0
        },
        "vus_max": {
            "max": 200,
            "value": 200,
            "min": 200
        }
    }
}