{
  "mode": "classic",
  "device": "mobile",
  "page": "cart",
  "runs": 3,
  "results": [
    {
      "score": 100,
      "fcp": 1200.2373,
      "lcp": 1358.3808661315918,
      "tti": 1358.3808661315918,
      "tbt": 0,
      "cls": 0,
      "si": 1200.2373,
      "bytes": 58015
    },
    {
      "score": 100,
      "fcp": 1200.1529,
      "lcp": 1358.2964661315918,
      "tti": 1358.2964661315918,
      "tbt": 0,
      "cls": 0,
      "si": 1200.1529,
      "bytes": 57921
    },
    {
      "score": 100,
      "fcp": 1200.1915,
      "lcp": 1358.3350661315917,
      "tti": 1358.3350661315917,
      "tbt": 0,
      "cls": 0,
      "si": 1200.1915,
      "bytes": 57880
    }
  ]
}