{
  "mode": "classic",
  "device": "desktop",
  "page": "checkout",
  "runs": 3,
  "results": [
    {
      "score": 99,
      "fcp": 400.58125,
      "lcp": 400.58125,
      "tti": 400.58125,
      "tbt": 0,
      "cls": 0,
      "si": 1171.2571613253751,
      "bytes": 65720
    },
    {
      "score": 99,
      "fcp": 400.6486,
      "lcp": 400.6486,
      "tti": 400.6486,
      "tbt": 0,
      "cls": 0,
      "si": 1306.428908316075,
      "bytes": 65720
    },
    {
      "score": 99,
      "fcp": 416.44705,
      "lcp": 416.44705,
      "tti": 416.44705,
      "tbt": 0,
      "cls": 0,
      "si": 1220.726584209658,
      "bytes": 65761
    }
  ]
}