{
    "metrics": {
        "http_req_sending": {
            "p(95)": 0.183,
            "p(99)": 0.331,
            "avg": 0.06692498726071916,
            "min": 0.008,
            "med": 0.039,
            "max": 16.503,
            "p(90)": 0.137
        },
        "data_received": {
            "count": 178343629,
            "rate": 312879.5229543653
        },
        "vus_max": {
            "value": 500,
            "min": 500,
            "max": 500
        },
        "http_req_waiting": {
            "p(99)": 60000.757920000004,
            "avg": 2014.6686392908084,
            "min": 57.951,
            "med": 389.314,
            "max": 60007.366,
            "p(90)": 1544.8984,
            "p(95)": 3708.419799999999
        },
        "http_req_failed": {
            "passes": 2089,
            "fails": 101920,
            "value": 0.020084800353815536
        },
        "http_req_connecting": {
            "avg": 0.25433462488823083,
            "min": 0,
            "med": 0,
            "max": 180.463,
            "p(90)": 0,
            "p(95)": 0,
            "p(99)": 0
        },
        "http_req_blocked": {
            "avg": 0.5787280619937971,
            "min": 0,
            "med": 0,
            "max": 311.079,
            "p(90)": 0.001,
            "p(95)": 0.002,
            "p(99)": 0.002
        },
        "http_req_tls_handshaking": {
            "avg": 0.32299737522714367,
            "min": 0,
            "med": 0,
            "max": 239.305,
            "p(90)": 0,
            "p(95)": 0,
            "p(99)": 0
        },
        "http_req_duration": {
            "min": 57.977,
            "med": 389.513,
            "max": 60007.396,
            "p(90)": 1545.3236000000004,
            "p(95)": 3709.7743999999966,
            "p(99)": 60000.82292,
            "avg": 2014.990663654092
        },
        "http_req_receiving": {
            "avg": 0.2550993760153716,
            "min": 0,
            "med": 0.026,
            "max": 110.325,
            "p(90)": 0.116,
            "p(95)": 0.152,
            "p(99)": 0.3409199999999991
        },
        "target_success": {
            "count": 49920,
            "rate": 87.57781746093052
        },
        "iterations": {
            "count": 52045,
            "rate": 91.30583953834393
        },
        "target_fail": {
            "count": 893,
            "rate": 1.5666464541789054
        },
        "target_duration": {
            "min": 69,
            "med": 361,
            "max": 60008,
            "p(90)": 1461,
            "p(95)": 3546,
            "p(99)": 60001,
            "avg": 1802.2042390726783,
            "thresholds": {
                "p(95)<5000": false
            }
        },
        "vus": {
            "value": 1,
            "min": 1,
            "max": 500
        },
        "iteration_duration": {
            "min": 134.479334,
            "med": 769.305416,
            "max": 183410.82225,
            "p(90)": 3102.2501246000006,
            "p(95)": 7688.983942199996,
            "p(99)": 120001.02112196,
            "avg": 3866.8118986929176
        },
        "data_sent": {
            "count": 14990690,
            "rate": 26299.1168356049
        },
        "http_req_duration{expected_response:true}": {
            "avg": 826.5663680043225,
            "min": 57.977,
            "med": 386.523,
            "max": 59995.441,
            "p(90)": 1255.861200000002,
            "p(95)": 2359.2583999999965,
            "p(99)": 10037.735529999998
        },
        "checks": {
            "passes": 152580,
            "fails": 3125,
            "value": 0.9799299958254392
        },
        "http_reqs": {
            "count": 104009,
            "rate": 182.4695756469135
        }
    },
    "root_group": {
        "name": "",
        "path": "",
        "id": "d41d8cd98f00b204e9800998ecf8427e",
        "groups": {},
        "checks": {
                "session init 200": {
                    "name": "session init 200",
                    "path": "::session init 200",
                    "id": "e4077ac26b182e1b20d4e4cac4180311",
                    "passes": 428,
                    "fails": 72
                },
                "add_to_cart 200": {
                    "name": "add_to_cart 200",
                    "path": "::add_to_cart 200",
                    "id": "8bd954fa760fb5e8ef98e20e934e6ec2",
                    "passes": 51116,
                    "fails": 1080
                },
                "has fragments": {
                    "passes": 51116,
                    "fails": 1080,
                    "name": "has fragments",
                    "path": "::has fragments",
                    "id": "615699412f0373c41364df6cbef6b361"
                },
                "apply_coupon 200": {
                    "name": "apply_coupon 200",
                    "path": "::apply_coupon 200",
                    "id": "abee2e90b2b92eb59c8a31f77a2e369c",
                    "passes": 49920,
                    "fails": 893
                }
            }
    }
}