{
    "root_group": {
        "id": "d41d8cd98f00b204e9800998ecf8427e",
        "groups": {},
        "checks": {
                "session init 200": {
                    "passes": 19,
                    "fails": 0,
                    "name": "session init 200",
                    "path": "::session init 200",
                    "id": "e4077ac26b182e1b20d4e4cac4180311"
                },
                "apply_coupon 200": {
                    "name": "apply_coupon 200",
                    "path": "::apply_coupon 200",
                    "id": "abee2e90b2b92eb59c8a31f77a2e369c",
                    "passes": 19,
                    "fails": 0
                }
            },
        "name": "",
        "path": ""
    },
    "metrics": {
        "vus_max": {
            "value": 1,
            "min": 1,
            "max": 1
        },
        "http_req_duration{expected_response:true}": {
            "min": 64.862,
            "med": 88.604,
            "max": 1034.309,
            "p(90)": 395.58070000000004,
            "p(95)": 412.6636,
            "avg": 145.0068223684211
        },
        "iteration_duration": {
            "med": 6535.34425,
            "max": 7362.360291,
            "p(90)": 7103.8849748,
            "p(95)": 7311.8651168999995,
            "avg": 6509.783811421053,
            "min": 5568.228125
        },
        "journey_success": {
            "count": 19,
            "rate": 0.15361411568193956
        },
        "vus": {
            "value": 1,
            "min": 1,
            "max": 1
        },
        "http_req_connecting": {
            "max": 50.659,
            "p(90)": 0,
            "p(95)": 0,
            "avg": 0.3332828947368421,
            "min": 0,
            "med": 0
        },
        "http_req_receiving": {
            "p(95)": 51.0351,
            "avg": 6.473723684210528,
            "min": 0.014,
            "med": 0.065,
            "max": 63.849,
            "p(90)": 47.229400000000005
        },
        "data_sent": {
            "count": 27964,
            "rate": 226.08763846998724
        },
        "iterations": {
            "count": 19,
            "rate": 0.15361411568193956
        },
        "http_reqs": {
            "count": 152,
            "rate": 1.2289129254555164
        },
        "http_req_failed": {
            "passes": 0,
            "fails": 152,
            "value": 0
        },
        "http_req_tls_handshaking": {
            "min": 0,
            "med": 0,
            "max": 60.878,
            "p(90)": 0,
            "p(95)": 0,
            "avg": 0.40051315789473685
        },
        "http_req_waiting": {
            "min": 64.548,
            "med": 88.26650000000001,
            "max": 981.658,
            "p(90)": 395.35110000000003,
            "p(95)": 412.32464999999996,
            "avg": 138.36649342105267
        },
        "checks": {
            "passes": 38,
            "fails": 0,
            "value": 1
        },
        "mixed_cart_build": {
            "p(95)": 2034.8999999999999,
            "avg": 1798.2105263157894,
            "min": 1477,
            "med": 1834,
            "max": 2133,
            "p(90)": 2005.6
        },
        "sub_checkout_duration": {
            "min": 388,
            "med": 409,
            "max": 512,
            "p(90)": 459.6,
            "p(95)": 477.79999999999995,
            "avg": 418.1578947368421
        },
        "data_received": {
            "count": 1071853,
            "rate": 8665.881617685998
        },
        "http_req_duration": {
            "p(90)": 395.58070000000004,
            "p(95)": 412.6636,
            "avg": 145.0068223684211,
            "min": 64.862,
            "med": 88.604,
            "max": 1034.309
        },
        "http_req_blocked": {
            "p(90)": 0.002,
            "p(95)": 0.003,
            "avg": 0.9307039473684232,
            "min": 0,
            "med": 0.001,
            "max": 141.353
        },
        "http_req_sending": {
            "p(95)": 0.43219999999999975,
            "avg": 0.1666052631578947,
            "min": 0.021,
            "med": 0.123,
            "max": 1.21,
            "p(90)": 0.31720000000000004
        }
    }
}