{
    "metrics": {
        "http_req_connecting": {
            "p(99)": 0,
            "avg": 0.08626914690194239,
            "min": 0,
            "med": 0,
            "max": 65.843,
            "p(90)": 0,
            "p(95)": 0
        },
        "data_sent": {
            "count": 6093326,
            "rate": 14507.581608179213
        },
        "http_req_sending": {
            "min": 0.009,
            "med": 0.038,
            "max": 7.694,
            "p(90)": 0.12,
            "p(95)": 0.157,
            "p(99)": 0.296,
            "avg": 0.06138313932033738
        },
        "vus": {
            "value": 1,
            "min": 0,
            "max": 50
        },
        "vus_max": {
            "value": 50,
            "min": 50,
            "max": 50
        },
        "http_reqs": {
            "count": 29809,
            "rate": 70.97215874519337
        },
        "http_req_duration": {
            "p(90)": 1739.8468,
            "p(95)": 1823.9208,
            "p(99)": 1959.99444,
            "avg": 604.3593620718613,
            "min": 57.981,
            "med": 215.534,
            "max": 4394.884
        },
        "http_req_receiving": {
            "p(99)": 0.21991999999999973,
            "avg": 0.12921399577309375,
            "min": 0.006,
            "med": 0.027,
            "max": 104.152,
            "p(90)": 0.091,
            "p(95)": 0.119
        },
        "checks": {
            "passes": 39662,
            "fails": 0,
            "value": 1
        },
        "iterations": {
            "count": 9903,
            "rate": 23.578023014983728
        },
        "http_req_failed": {
            "passes": 0,
            "fails": 29809,
            "value": 0
        },
        "iteration_duration": {
            "avg": 1820.304178767938,
            "min": 323.962583,
            "med": 2003.234625,
            "max": 4725.424375,
            "p(90)": 2235.8271416,
            "p(95)": 2299.2718584,
            "p(99)": 2420.53103666
        },
        "http_req_tls_handshaking": {
            "max": 87.155,
            "p(90)": 0,
            "p(95)": 0,
            "p(99)": 0,
            "avg": 0.10792287564158477,
            "min": 0,
            "med": 0
        },
        "http_req_waiting": {
            "max": 4394.771,
            "p(90)": 1739.776,
            "p(95)": 1823.8528,
            "p(99)": 1959.89908,
            "avg": 604.1687649367653,
            "min": 57.714,
            "med": 215.264
        },
        "target_duration": {
            "avg": 1479.9198222760779,
            "min": 181,
            "med": 1642,
            "max": 4395,
            "p(90)": 1864,
            "p(95)": 1923,
            "p(99)": 2028,
            "thresholds": {
                "p(95)<5000": false
            }
        },
        "data_received": {
            "count": 34900533,
            "rate": 83094.57440262538
        },
        "http_req_duration{expected_response:true}": {
            "avg": 604.3593620718613,
            "min": 57.981,
            "med": 215.534,
            "max": 4394.884,
            "p(90)": 1739.8468,
            "p(95)": 1823.9208,
            "p(99)": 1959.99444
        },
        "http_req_blocked": {
            "p(99)": 0.002,
            "avg": 0.19595316850623043,
            "min": 0,
            "med": 0,
            "max": 159.017,
            "p(90)": 0.001,
            "p(95)": 0.001
        },
        "target_success": {
            "count": 9903,
            "rate": 23.578023014983728
        }
    },
    "root_group": {
        "groups": {},
        "checks": {
                "session init 200": {
                    "fails": 0,
                    "name": "session init 200",
                    "path": "::session init 200",
                    "id": "e4077ac26b182e1b20d4e4cac4180311",
                    "passes": 50
                },
                "add_to_cart 200": {
                    "path": "::add_to_cart 200",
                    "id": "8bd954fa760fb5e8ef98e20e934e6ec2",
                    "passes": 9903,
                    "fails": 0,
                    "name": "add_to_cart 200"
                },
                "has fragments": {
                    "path": "::has fragments",
                    "id": "615699412f0373c41364df6cbef6b361",
                    "passes": 9903,
                    "fails": 0,
                    "name": "has fragments"
                },
                "checkout 200": {
                    "name": "checkout 200",
                    "path": "::checkout 200",
                    "id": "acab75c6e41819050be5685e71d4a1fb",
                    "passes": 9903,
                    "fails": 0
                },
                "checkout success": {
                    "fails": 0,
                    "name": "checkout success",
                    "path": "::checkout success",
                    "id": "4237776e896afa89f47aaef1b51a35d6",
                    "passes": 9903
                }
            },
        "name": "",
        "path": "",
        "id": "d41d8cd98f00b204e9800998ecf8427e"
    }
}