{
    "metrics": {
        "target_success": {
            "rate": 21.76673172500927,
            "count": 9795
        },
        "http_req_duration": {
            "p(90)": 1581.2904,
            "p(95)": 1671.5071,
            "p(99)": 59997.84626,
            "avg": 1811.8720809404797,
            "min": 79.231,
            "med": 1144.982,
            "max": 60004.444
        },
        "http_req_waiting": {
            "p(99)": 59997.74534,
            "avg": 1811.5393503751839,
            "min": 79.126,
            "med": 1144.77,
            "max": 60004.36,
            "p(90)": 1581.1472,
            "p(95)": 1671.3381
        },
        "http_req_failed": {
            "passes": 107,
            "fails": 9888,
            "value": 0.010705352676338169
        },
        "iteration_duration": {
            "p(95)": 1679.6831458,
            "p(99)": 60000.42727298,
            "avg": 1830.9481650605362,
            "min": 101.987292,
            "med": 1151.366333,
            "max": 62429.238834,
            "p(90)": 1587.2361332
        },
        "target_duration": {
            "max": 60004,
            "p(90)": 1582,
            "p(95)": 1670.5999999999992,
            "p(99)": 60000,
            "avg": 1776.2239514906519,
            "min": 102,
            "med": 1148,
            "thresholds": {
                "p(95)<5000": false
            }
        },
        "http_req_duration{expected_response:true}": {
            "med": 1140.784,
            "max": 59997.722,
            "p(90)": 1563.6641000000002,
            "p(95)": 1647.6096,
            "p(99)": 1789.88516,
            "avg": 1182.2811427993565,
            "min": 79.231
        },
        "http_req_receiving": {
            "p(99)": 0.347,
            "avg": 0.2520965482741368,
            "min": 0,
            "med": 0.064,
            "max": 49.96,
            "p(90)": 0.143,
            "p(95)": 0.175
        },
        "iterations": {
            "count": 9895,
            "rate": 21.988954611431005
        },
        "target_fail": {
            "count": 100,
            "rate": 0.22222288642173832
        },
        "http_req_blocked": {
            "avg": 0.5107797898950379,
            "min": 0,
            "med": 0,
            "max": 171.137,
            "p(90)": 0.001,
            "p(95)": 0.001,
            "p(99)": 0.003
        },
        "http_reqs": {
            "count": 9995,
            "rate": 22.211177497852745
        },
        "http_req_connecting": {
            "p(95)": 0,
            "p(99)": 0,
            "avg": 0.21660200100050034,
            "min": 0,
            "med": 0,
            "max": 76.934,
            "p(90)": 0
        },
        "checks": {
            "passes": 19633,
            "fails": 207,
            "value": 0.9895665322580646
        },
        "http_req_tls_handshaking": {
            "avg": 0.2899486743371686,
            "min": 0,
            "med": 0,
            "max": 127.026,
            "p(90)": 0,
            "p(95)": 0,
            "p(99)": 0
        },
        "http_req_sending": {
            "min": 0.011,
            "med": 0.062,
            "max": 10.702,
            "p(90)": 0.134,
            "p(95)": 0.164,
            "p(99)": 0.3050599999999999,
            "avg": 0.08063401700850396
        },
        "data_received": {
            "count": 29796955,
            "rate": 66215.65346678648
        },
        "vus": {
            "max": 50,
            "value": 1,
            "min": 0
        },
        "vus_max": {
            "value": 50,
            "min": 50,
            "max": 50
        },
        "data_sent": {
            "count": 1667174,
            "rate": 3704.8421844727513
        }
    },
    "root_group": {
        "name": "",
        "path": "",
        "id": "d41d8cd98f00b204e9800998ecf8427e",
        "groups": {},
        "checks": {
                "session init 200": {
                    "name": "session init 200",
                    "path": "::session init 200",
                    "id": "e4077ac26b182e1b20d4e4cac4180311",
                    "passes": 43,
                    "fails": 7
                },
                "add_to_cart 200": {
                    "name": "add_to_cart 200",
                    "path": "::add_to_cart 200",
                    "id": "8bd954fa760fb5e8ef98e20e934e6ec2",
                    "passes": 9795,
                    "fails": 100
                },
                "has fragments": {
                    "name": "has fragments",
                    "path": "::has fragments",
                    "id": "615699412f0373c41364df6cbef6b361",
                    "passes": 9795,
                    "fails": 100
                }
            }
    }
}