{
    "root_group": {
        "id": "d41d8cd98f00b204e9800998ecf8427e",
        "groups": {},
        "checks": {
                "session init 200": {
                    "name": "session init 200",
                    "path": "::session init 200",
                    "id": "e4077ac26b182e1b20d4e4cac4180311",
                    "passes": 1,
                    "fails": 0
                },
                "add_to_cart 200": {
                    "id": "8bd954fa760fb5e8ef98e20e934e6ec2",
                    "passes": 1498,
                    "fails": 0,
                    "name": "add_to_cart 200",
                    "path": "::add_to_cart 200"
                },
                "has fragments": {
                    "name": "has fragments",
                    "path": "::has fragments",
                    "id": "615699412f0373c41364df6cbef6b361",
                    "passes": 1498,
                    "fails": 0
                }
            },
        "name": "",
        "path": ""
    },
    "metrics": {
        "http_req_receiving": {
            "max": 44.199,
            "p(90)": 0.102,
            "p(95)": 0.13504999999999995,
            "p(99)": 0.20700999999999997,
            "avg": 0.09229066666666716,
            "min": 0.021,
            "med": 0.053
        },
        "http_req_failed": {
            "passes": 0,
            "fails": 1500,
            "value": 0
        },
        "checks": {
            "passes": 2997,
            "fails": 0,
            "value": 1
        },
        "http_req_waiting": {
            "avg": 79.53253800000005,
            "min": 61.359,
            "med": 79.232,
            "max": 133.566,
            "p(90)": 84.8994,
            "p(95)": 87.56465,
            "p(99)": 96.81208
        },
        "http_reqs": {
            "count": 1500,
            "rate": 12.498251807028492
        },
        "http_req_duration": {
            "max": 177.928,
            "p(90)": 85.1036,
            "p(95)": 87.68379999999999,
            "p(99)": 96.92983,
            "avg": 79.7015933333333,
            "min": 61.444,
            "med": 79.358
        },
        "target_duration": {
            "avg": 79.84045393858477,
            "min": 69,
            "med": 80,
            "max": 127,
            "p(90)": 85,
            "p(95)": 88,
            "p(99)": 97.02999999999999,
            "thresholds": {
                "p(95)<5000": false
            }
        },
        "data_sent": {
            "count": 239428,
            "rate": 1994.9542891021451
        },
        "iterations": {
            "count": 1498,
            "rate": 12.481587471285787
        },
        "http_req_connecting": {
            "avg": 0.033404666666666666,
            "min": 0,
            "med": 0,
            "max": 50.107,
            "p(90)": 0,
            "p(95)": 0,
            "p(99)": 0
        },
        "data_received": {
            "count": 4302944,
            "rate": 35852.85174902827
        },
        "http_req_blocked": {
            "med": 0.001,
            "max": 121.838,
            "p(90)": 0.001,
            "p(95)": 0.001,
            "p(99)": 0.002,
            "avg": 0.08178000000000216,
            "min": 0
        },
        "target_success": {
            "count": 1498,
            "rate": 12.481587471285787
        },
        "http_req_tls_handshaking": {
            "p(95)": 0,
            "p(99)": 0,
            "avg": 0.046663333333333334,
            "min": 0,
            "med": 0,
            "max": 69.995,
            "p(90)": 0
        },
        "iteration_duration": {
            "avg": 80.10553724966631,
            "min": 68.485583,
            "med": 79.58629099999999,
            "max": 438.265833,
            "p(90)": 85.3631833,
            "p(95)": 87.90117505,
            "p(99)": 97.33480502
        },
        "vus": {
            "min": 1,
            "max": 1,
            "value": 1
        },
        "http_req_duration{expected_response:true}": {
            "min": 61.444,
            "med": 79.358,
            "max": 177.928,
            "p(90)": 85.1036,
            "p(95)": 87.68379999999999,
            "p(99)": 96.92983,
            "avg": 79.7015933333333
        },
        "vus_max": {
            "value": 1,
            "min": 1,
            "max": 1
        },
        "http_req_sending": {
            "p(99)": 0.23101999999999998,
            "avg": 0.07676466666666701,
            "min": 0.035,
            "med": 0.062,
            "max": 0.926,
            "p(90)": 0.125,
            "p(95)": 0.16004999999999994
        }
    }
}