{
    "metrics": {
        "vus_max": {
            "value": 500,
            "min": 500,
            "max": 500
        },
        "http_reqs": {
            "count": 75566,
            "rate": 132.567511140098
        },
        "http_req_duration": {
            "avg": 2779.97068217188,
            "min": 59.855,
            "med": 611.2915,
            "max": 60080.747,
            "p(90)": 3986.9400000000005,
            "p(95)": 10489.012249999998,
            "p(99)": 60000.9107
        },
        "iteration_duration": {
            "max": 180076.6095,
            "p(90)": 3965.5283335000004,
            "p(95)": 10324.44658325,
            "p(99)": 60000.73601665,
            "avg": 2818.1903352846994,
            "min": 70.308708,
            "med": 612.437188
        },
        "http_req_duration{expected_response:true}": {
            "p(95)": 6093.148799999996,
            "p(99)": 17492.621219999994,
            "avg": 1740.773989274832,
            "min": 59.855,
            "med": 602.681,
            "max": 59991.549,
            "p(90)": 3882.0956
        },
        "target_duration": {
            "p(99)": 60001,
            "avg": 2624.269895126465,
            "min": 70,
            "med": 610,
            "max": 60017,
            "p(90)": 3957.500000000002,
            "p(95)": 10295,
            "thresholds": {
                "p(95)<5000": true
            }
        },
        "http_req_blocked": {
            "avg": 0.7927236587875934,
            "min": 0,
            "med": 0,
            "max": 568.603,
            "p(90)": 0.001,
            "p(95)": 0.002,
            "p(99)": 0.003
        },
        "http_req_sending": {
            "p(90)": 0.14,
            "p(95)": 0.188,
            "p(99)": 0.353,
            "avg": 0.06937004737580112,
            "min": 0.008,
            "med": 0.039,
            "max": 9.55
        },
        "target_success": {
            "rate": 128.72027095363535,
            "count": 73373
        },
        "http_req_tls_handshaking": {
            "max": 322.909,
            "p(90)": 0,
            "p(95)": 0,
            "p(99)": 0,
            "avg": 0.43717293491782006,
            "min": 0,
            "med": 0
        },
        "http_req_waiting": {
            "p(99)": 60000.84235,
            "avg": 2777.1753403250023,
            "min": 59.796,
            "med": 610.96,
            "max": 60080.717,
            "p(90)": 3986.2235,
            "p(95)": 10488.181999999997
        },
        "checks": {
            "passes": 147161,
            "fails": 2471,
            "value": 0.9834861526946108
        },
        "data_received": {
            "count": 231160510,
            "rate": 405531.2373895102
        },
        "http_req_failed": {
            "passes": 1348,
            "fails": 74218,
            "value": 0.017838710531191276
        },
        "http_req_receiving": {
            "p(90)": 0.137,
            "p(95)": 0.189,
            "p(99)": 0.49634999999999935,
            "avg": 2.7259717994866697,
            "min": 0,
            "med": 0.031,
            "max": 2047.551
        },
        "data_sent": {
            "count": 12811053,
            "rate": 22474.782458961512
        },
        "iterations": {
            "count": 74566,
            "rate": 130.81318364969096
        },
        "vus": {
            "value": 1,
            "min": 1,
            "max": 500
        },
        "http_req_connecting": {
            "p(90)": 0,
            "p(95)": 0,
            "p(99)": 0,
            "avg": 0.35366373765979425,
            "min": 0,
            "med": 0,
            "max": 251.263
        },
        "target_fail": {
            "count": 1193,
            "rate": 2.0929126960555924
        }
    },
    "root_group": {
        "name": "",
        "path": "",
        "id": "d41d8cd98f00b204e9800998ecf8427e",
        "groups": {},
        "checks": {
                "session init 200": {
                    "name": "session init 200",
                    "path": "::session init 200",
                    "id": "e4077ac26b182e1b20d4e4cac4180311",
                    "passes": 415,
                    "fails": 85
                },
                "add_to_cart 200": {
                    "name": "add_to_cart 200",
                    "path": "::add_to_cart 200",
                    "id": "8bd954fa760fb5e8ef98e20e934e6ec2",
                    "passes": 73373,
                    "fails": 1193
                },
                "has fragments": {
                    "passes": 73373,
                    "fails": 1193,
                    "name": "has fragments",
                    "path": "::has fragments",
                    "id": "615699412f0373c41364df6cbef6b361"
                }
            }
    }
}