{
    "root_group": {
        "groups": {},
        "checks": {
                "session init 200": {
                    "fails": 6,
                    "name": "session init 200",
                    "path": "::session init 200",
                    "id": "e4077ac26b182e1b20d4e4cac4180311",
                    "passes": 194
                },
                "add_to_cart 200": {
                    "passes": 89549,
                    "fails": 401,
                    "name": "add_to_cart 200",
                    "path": "::add_to_cart 200",
                    "id": "8bd954fa760fb5e8ef98e20e934e6ec2"
                },
                "has fragments": {
                    "passes": 89549,
                    "fails": 401,
                    "name": "has fragments",
                    "path": "::has fragments",
                    "id": "615699412f0373c41364df6cbef6b361"
                }
            },
        "name": "",
        "path": "",
        "id": "d41d8cd98f00b204e9800998ecf8427e"
    },
    "metrics": {
        "http_req_sending": {
            "med": 0.033,
            "max": 10.06,
            "p(90)": 0.097,
            "p(95)": 0.122,
            "p(99)": 0.234,
            "avg": 0.052638483674595046,
            "min": 0.008
        },
        "data_received": {
            "count": 265573467,
            "rate": 521038.56287570635
        },
        "target_fail": {
            "count": 401,
            "rate": 0.7867369661335869
        },
        "target_duration": {
            "p(90)": 629,
            "p(95)": 931,
            "p(99)": 3179.5099999999993,
            "avg": 853.2311284046692,
            "min": 70,
            "med": 356,
            "max": 60004,
            "thresholds": {
                "p(95)<5000": false
            }
        },
        "http_req_connecting": {
            "p(95)": 0,
            "p(99)": 0,
            "avg": 0.11424192584394019,
            "min": 0,
            "med": 0,
            "max": 400.991,
            "p(90)": 0
        },
        "http_req_receiving": {
            "p(90)": 0.095,
            "p(95)": 0.119,
            "p(99)": 0.22,
            "avg": 0.14495433314889422,
            "min": 0,
            "med": 0.026,
            "max": 76.473
        },
        "iteration_duration": {
            "avg": 867.9856989623598,
            "min": 69.575166,
            "med": 356.391521,
            "max": 120436.286583,
            "p(90)": 632.7003372,
            "p(95)": 953.9628582999991,
            "p(99)": 3275.5892146599945
        },
        "vus": {
            "min": 1,
            "max": 200,
            "value": 1
        },
        "http_req_duration": {
            "avg": 863.6947763475298,
            "min": 58.441,
            "med": 355.8895,
            "max": 60002.366,
            "p(90)": 627.9545000000002,
            "p(95)": 931.0324499999988,
            "p(99)": 3265.361819999997
        },
        "http_req_blocked": {
            "p(95)": 0.001,
            "p(99)": 0.002,
            "avg": 0.25607236303271586,
            "min": 0,
            "med": 0,
            "max": 462.294,
            "p(90)": 0.001
        },
        "http_req_waiting": {
            "max": 60002.345,
            "p(90)": 627.8006,
            "p(95)": 930.9714499999985,
            "p(99)": 3265.321449999997,
            "avg": 863.4971835307293,
            "min": 58.416,
            "med": 355.71950000000004
        },
        "http_reqs": {
            "count": 90350,
            "rate": 177.26105957648272
        },
        "iterations": {
            "count": 89950,
            "rate": 176.47628454792056
        },
        "checks": {
            "passes": 179292,
            "fails": 808,
            "value": 0.9955136035535813
        },
        "vus_max": {
            "value": 200,
            "min": 200,
            "max": 200
        },
        "data_sent": {
            "count": 14648880,
            "rate": 28740.18805100992
        },
        "http_req_tls_handshaking": {
            "p(90)": 0,
            "p(95)": 0,
            "p(99)": 0,
            "avg": 0.14065149972329827,
            "min": 0,
            "med": 0,
            "max": 81.228
        },
        "target_success": {
            "count": 89549,
            "rate": 175.68954758178697
        },
        "http_req_duration{expected_response:true}": {
            "med": 355.44,
            "max": 60000.31,
            "p(90)": 618.3346000000001,
            "p(95)": 875.5378,
            "p(99)": 2480.80511,
            "avg": 595.4441188988429,
            "min": 58.441
        },
        "http_req_failed": {
            "passes": 408,
            "fails": 89942,
            "value": 0.0045157719977863865
        }
    }
}