{
    "root_group": {
        "checks": {
            "add-item 200": {
                "fails": 312,
                "name": "add-item 200",
                "path": "::add-item 200",
                "id": "33c9fa24edc9e82dc71c99a3b7d11540",
                "passes": 44891
            },
            "has items": {
                "path": "::has items",
                "id": "a26ba3373a464cabfd3ac187534f4261",
                "passes": 44891,
                "fails": 312,
                "name": "has items"
            },
            "apply-coupon 200": {
                "name": "apply-coupon 200",
                "path": "::apply-coupon 200",
                "id": "956e5dbcf1a03d5fbb3b838a9e6a2cc9",
                "passes": 186,
                "fails": 44968
            }
        },
        "name": "",
        "path": "",
        "id": "d41d8cd98f00b204e9800998ecf8427e",
        "groups": {}
    },
    "metrics": {
        "http_reqs": {
            "count": 90557,
            "rate": 177.8756601227934
        },
        "http_req_waiting": {
            "max": 60006.611,
            "p(90)": 518.5079999999999,
            "p(95)": 813.3669999999986,
            "p(99)": 4293.768239999997,
            "avg": 863.8790919531297,
            "min": 66.43,
            "med": 319.013
        },
        "target_duration": {
            "p(99)": 3690.4199999999655,
            "avg": 782.9190547902733,
            "min": 67,
            "med": 295,
            "max": 60002,
            "p(90)": 489,
            "p(95)": 770,
            "thresholds": {
                "p(95)<5000": false
            }
        },
        "http_req_connecting": {
            "max": 79.88,
            "p(90)": 0,
            "p(95)": 0,
            "p(99)": 0,
            "avg": 0.11089078701812118,
            "min": 0,
            "med": 0
        },
        "http_req_sending": {
            "max": 11.476,
            "p(90)": 0.109,
            "p(95)": 0.146,
            "p(99)": 0.287,
            "avg": 0.05843335136985449,
            "min": 0.013,
            "med": 0.035
        },
        "data_sent": {
            "count": 11673781,
            "rate": 22930.104812481895
        },
        "target_fail": {
            "count": 44968,
            "rate": 88.32793361531161
        },
        "http_req_receiving": {
            "p(95)": 0.138,
            "p(99)": 1.188,
            "avg": 0.15006545048979084,
            "min": 0,
            "med": 0.025,
            "max": 955.347,
            "p(90)": 0.097
        },
        "target_success": {
            "count": 186,
            "rate": 0.36534859572246836
        },
        "http_req_blocked": {
            "avg": 0.25261808584654666,
            "min": 0,
            "med": 0,
            "max": 206.513,
            "p(90)": 0.001,
            "p(95)": 0.001,
            "p(99)": 0.002
        },
        "vus_max": {
            "value": 200,
            "min": 200,
            "max": 200
        },
        "vus": {
            "value": 1,
            "min": 1,
            "max": 200
        },
        "iteration_duration": {
            "avg": 1672.7820493334023,
            "min": 146.102833,
            "med": 650.779063,
            "max": 180008.18275,
            "p(90)": 1012.2229126000003,
            "p(95)": 1599.9229834499997,
            "p(99)": 60094.69119802
        },
        "data_received": {
            "count": 182722601,
            "rate": 358910.9982908973
        },
        "http_req_duration{expected_response:true}": {
            "max": 59977.723,
            "p(90)": 522.264,
            "p(95)": 786.7914999999998,
            "p(99)": 1461.3217999999986,
            "avg": 452.5015476985702,
            "min": 71.927,
            "med": 348.598
        },
        "http_req_failed": {
            "fails": 45211,
            "passes": 45346,
            "value": 0.5007453868833994
        },
        "http_req_tls_handshaking": {
            "p(90)": 0,
            "p(95)": 0,
            "p(99)": 0,
            "avg": 0.14077018894177154,
            "min": 0,
            "med": 0,
            "max": 137.805
        },
        "iterations": {
            "count": 45154,
            "rate": 88.69328221103407
        },
        "checks": {
            "passes": 89968,
            "fails": 45592,
            "value": 0.6636766007671879
        },
        "http_req_duration": {
            "p(95)": 813.8851999999981,
            "p(99)": 4293.870359999997,
            "avg": 864.0875907549994,
            "min": 66.494,
            "med": 319.181,
            "max": 60006.663,
            "p(90)": 518.945
        }
    }
}