{
    "root_group": {
        "name": "",
        "path": "",
        "id": "d41d8cd98f00b204e9800998ecf8427e",
        "groups": {},
        "checks": {
                "add-item 200": {
                    "name": "add-item 200",
                    "path": "::add-item 200",
                    "id": "33c9fa24edc9e82dc71c99a3b7d11540",
                    "passes": 8653,
                    "fails": 93
                },
                "has items": {
                    "name": "has items",
                    "path": "::has items",
                    "id": "a26ba3373a464cabfd3ac187534f4261",
                    "passes": 8653,
                    "fails": 93
                }
            }
    },
    "metrics": {
        "http_req_receiving": {
            "max": 971.397,
            "p(90)": 0.117,
            "p(95)": 0.149,
            "p(99)": 0.301,
            "avg": 0.3678514097316944,
            "min": 0,
            "med": 0.054
        },
        "http_req_duration{expected_response:true}": {
            "avg": 1336.2065869965445,
            "min": 112.472,
            "med": 1304.9305,
            "max": 59976.386,
            "p(90)": 1768.4347,
            "p(95)": 1900.4501499999994,
            "p(99)": 2168.93523
        },
        "http_req_blocked": {
            "avg": 1.071693269668118,
            "min": 0,
            "med": 0,
            "max": 4518.158,
            "p(90)": 0.001,
            "p(95)": 0.001,
            "p(99)": 0.002
        },
        "target_success": {
            "count": 8653,
            "rate": 19.22863913023174
        },
        "vus": {
            "value": 1,
            "min": 0,
            "max": 50
        },
        "vus_max": {
            "value": 50,
            "min": 50,
            "max": 50
        },
        "http_req_connecting": {
            "med": 0,
            "max": 101.507,
            "p(90)": 0,
            "p(95)": 0,
            "p(99)": 0,
            "avg": 0.25236277853569805,
            "min": 0
        },
        "http_req_duration": {
            "max": 60006.923,
            "p(90)": 1791.6015000000002,
            "p(95)": 1952.5447499999998,
            "p(99)": 59999.95375,
            "avg": 2042.5269889722579,
            "min": 112.472,
            "med": 1310.1075
        },
        "checks": {
            "passes": 17306,
            "fails": 186,
            "value": 0.989366567573748
        },
        "data_received": {
            "count": 29739729,
            "rate": 66087.42826440398
        },
        "target_duration": {
            "avg": 1949.5779785044592,
            "min": 113,
            "med": 1310.5,
            "max": 60008,
            "p(90)": 1790,
            "p(95)": 1943.7499999999995,
            "p(99)": 60000,
            "thresholds": {
                "p(95)<5000": false
            }
        },
        "http_req_waiting": {
            "p(95)": 1952.37725,
            "p(99)": 59999.8497,
            "avg": 2042.0921219872732,
            "min": 112.336,
            "med": 1309.6399999999999,
            "max": 60006.794,
            "p(90)": 1791.473
        },
        "http_req_sending": {
            "avg": 0.06701557526148205,
            "min": 0.017,
            "med": 0.054,
            "max": 3.152,
            "p(90)": 0.107,
            "p(95)": 0.134,
            "p(99)": 0.2420499999999999
        },
        "iterations": {
            "count": 8746,
            "rate": 19.435303112562902
        },
        "http_reqs": {
            "count": 8796,
            "rate": 19.546412780482882
        },
        "http_req_tls_handshaking": {
            "p(90)": 0,
            "p(95)": 0,
            "p(99)": 0,
            "avg": 0.8151412005457027,
            "min": 0,
            "med": 0,
            "max": 4416.548
        },
        "http_req_failed": {
            "passes": 106,
            "fails": 8690,
            "value": 0.01205093224192815
        },
        "iteration_duration": {
            "max": 61931.291291,
            "p(90)": 1797.5619375,
            "p(95)": 1965.9517812499996,
            "p(99)": 60000.5674609,
            "avg": 2055.599969671965,
            "min": 112.853916,
            "med": 1313.5978544999998
        },
        "data_sent": {
            "count": 1477698,
            "rate": 3283.7306813203722
        },
        "target_fail": {
            "count": 93,
            "rate": 0.20666398233116282
        }
    }
}