{
    "root_group": {
        "name": "",
        "path": "",
        "id": "d41d8cd98f00b204e9800998ecf8427e",
        "groups": {},
        "checks": {
                "add-item 200": {
                    "path": "::add-item 200",
                    "id": "33c9fa24edc9e82dc71c99a3b7d11540",
                    "passes": 50803,
                    "fails": 1301,
                    "name": "add-item 200"
                },
                "has items": {
                    "name": "has items",
                    "path": "::has items",
                    "id": "a26ba3373a464cabfd3ac187534f4261",
                    "passes": 50803,
                    "fails": 1301
                },
                "apply-coupon 200": {
                    "name": "apply-coupon 200",
                    "path": "::apply-coupon 200",
                    "id": "956e5dbcf1a03d5fbb3b838a9e6a2cc9",
                    "passes": 304,
                    "fails": 51580
                }
            }
    },
    "metrics": {
        "http_reqs": {
            "count": 104488,
            "rate": 183.34578827036825
        },
        "vus_max": {
            "value": 500,
            "min": 500,
            "max": 500
        },
        "iterations": {
            "count": 51884,
            "rate": 91.04119974178649
        },
        "http_req_waiting": {
            "p(99)": 60001.40126,
            "avg": 2008.5179350451592,
            "min": 65.739,
            "med": 329.661,
            "max": 60013.659,
            "p(90)": 493.5536,
            "p(95)": 798.233249999999
        },
        "data_received": {
            "count": 211346155,
            "rate": 370850.50327680144
        },
        "http_req_duration{expected_response:true}": {
            "p(95)": 604.2389999999998,
            "p(99)": 4107.168839999995,
            "avg": 495.6657374583557,
            "min": 72.447,
            "med": 362.928,
            "max": 59997.994,
            "p(90)": 492.8832
        },
        "http_req_receiving": {
            "p(95)": 0.154,
            "p(99)": 0.292,
            "avg": 0.16057336727665164,
            "min": 0,
            "med": 0.026,
            "max": 951.246,
            "p(90)": 0.118
        },
        "http_req_connecting": {
            "avg": 0.24151430786310402,
            "min": 0,
            "med": 0,
            "max": 106.641,
            "p(90)": 0,
            "p(95)": 0,
            "p(99)": 0
        },
        "target_fail": {
            "count": 51580,
            "rate": 90.50776892069514
        },
        "http_req_duration": {
            "avg": 2008.7464696616034,
            "min": 65.876,
            "med": 329.79999999999995,
            "max": 60013.704,
            "p(90)": 493.8346,
            "p(95)": 798.9977999999993,
            "p(99)": 60001.456
        },
        "target_duration": {
            "min": 66,
            "med": 302,
            "max": 60012,
            "p(90)": 446,
            "p(95)": 692,
            "p(99)": 60002,
            "avg": 1749.072912651299,
            "thresholds": {
                "p(95)<5000": false
            }
        },
        "http_req_tls_handshaking": {
            "p(99)": 0,
            "avg": 0.30913690567337865,
            "min": 0,
            "med": 0,
            "max": 190.243,
            "p(90)": 0,
            "p(95)": 0
        },
        "data_sent": {
            "count": 13994913,
            "rate": 24556.966883854835
        },
        "iteration_duration": {
            "avg": 3797.102284963359,
            "min": 143.06625,
            "med": 670.6132709999999,
            "max": 180007.052291,
            "p(90)": 931.1090546000003,
            "p(95)": 1490.9453437999975,
            "p(99)": 120001.80361875
        },
        "http_req_sending": {
            "avg": 0.06796124913865767,
            "min": 0.012,
            "med": 0.038,
            "max": 8.373,
            "p(90)": 0.143,
            "p(95)": 0.192,
            "p(99)": 0.358
        },
        "target_success": {
            "count": 304,
            "rate": 0.5334308210913401
        },
        "checks": {
            "passes": 101910,
            "fails": 54182,
            "value": 0.6528841964995002
        },
        "http_req_failed": {
            "passes": 53159,
            "fails": 51329,
            "value": 0.5087569864482046
        },
        "vus": {
            "value": 2,
            "min": 2,
            "max": 500
        },
        "http_req_blocked": {
            "avg": 0.5519908123413185,
            "min": 0,
            "med": 0,
            "max": 241.004,
            "p(90)": 0.001,
            "p(95)": 0.001,
            "p(99)": 0.002
        }
    }
}