{
    "metrics": {
        "http_req_sending": {
            "avg": 0.09502447580645106,
            "min": 0.014,
            "med": 0.052,
            "max": 8.806,
            "p(90)": 0.207,
            "p(95)": 0.256,
            "p(99)": 0.4570099999999998
        },
        "http_req_waiting": {
            "med": 619.28,
            "max": 60006.187,
            "p(90)": 32773.44040000002,
            "p(95)": 60000.498,
            "p(99)": 60002.374,
            "avg": 8437.678095846793,
            "min": 71.191
        },
        "data_sent": {
            "rate": 8415.357978432308,
            "count": 4795801
        },
        "http_req_connecting": {
            "max": 136.461,
            "p(90)": 0,
            "p(95)": 0,
            "p(99)": 51.578,
            "avg": 1.0599422580645168,
            "min": 0,
            "med": 0
        },
        "data_received": {
            "rate": 162345.95235342102,
            "count": 92518807
        },
        "target_duration": {
            "avg": 8032.327654320988,
            "min": 71,
            "med": 578,
            "max": 60007,
            "p(90)": 30550.300000000007,
            "p(95)": 60001,
            "p(99)": 60003,
            "thresholds": {
                "p(95)<5000": true
            }
        },
        "target_fail": {
            "count": 1409,
            "rate": 2.472421059925364
        },
        "http_req_failed": {
            "passes": 1592,
            "fails": 23208,
            "value": 0.06419354838709677
        },
        "target_success": {
            "count": 22891,
            "rate": 40.167629867105404
        },
        "http_req_tls_handshaking": {
            "med": 0,
            "max": 125.419,
            "p(90)": 0,
            "p(95)": 0,
            "p(99)": 62.98050999999999,
            "avg": 1.2827803629032268,
            "min": 0
        },
        "http_req_receiving": {
            "p(90)": 0.185,
            "p(95)": 0.243,
            "p(99)": 1758.6769899999956,
            "avg": 31.035245322580383,
            "min": 0,
            "med": 0.038,
            "max": 3844.574
        },
        "iterations": {
            "count": 24300,
            "rate": 42.640050927030764
        },
        "vus": {
            "value": 4,
            "min": 2,
            "max": 500
        },
        "http_req_duration": {
            "avg": 8468.808365645149,
            "min": 71.393,
            "med": 636.9590000000001,
            "max": 60006.451,
            "p(90)": 32983.881,
            "p(95)": 60000.60405,
            "p(99)": 60002.42901
        },
        "vus_max": {
            "min": 500,
            "max": 500,
            "value": 500
        },
        "http_req_duration{expected_response:true}": {
            "avg": 4934.731188340223,
            "min": 71.393,
            "med": 478.373,
            "max": 59884.942,
            "p(90)": 16216.693500000012,
            "p(95)": 29643.25565,
            "p(99)": 46296.336579999996
        },
        "http_req_blocked": {
            "p(90)": 0.002,
            "p(95)": 0.002,
            "p(99)": 115.25162999999999,
            "avg": 2.3502861290315096,
            "min": 0,
            "med": 0,
            "max": 216.524
        },
        "iteration_duration": {
            "p(99)": 60003.687801249995,
            "avg": 8645.865683541793,
            "min": 71.746792,
            "med": 588.607563,
            "max": 120005.609542,
            "p(90)": 32285.093916700003,
            "p(95)": 60000.756030900004
        },
        "checks": {
            "passes": 45782,
            "fails": 2818,
            "value": 0.9420164609053497
        },
        "http_reqs": {
            "count": 24800,
            "rate": 43.51741823005609
        }
    },
    "root_group": {
        "groups": {},
        "checks": {
                "add-item 200": {
                    "name": "add-item 200",
                    "path": "::add-item 200",
                    "id": "33c9fa24edc9e82dc71c99a3b7d11540",
                    "passes": 22891,
                    "fails": 1409
                },
                "has items": {
                    "name": "has items",
                    "path": "::has items",
                    "id": "a26ba3373a464cabfd3ac187534f4261",
                    "passes": 22891,
                    "fails": 1409
                }
            },
        "name": "",
        "path": "",
        "id": "d41d8cd98f00b204e9800998ecf8427e"
    }
}