{
    "metrics": {
        "vus": {
            "value": 2,
            "min": 2,
            "max": 500
        },
        "http_req_connecting": {
            "p(90)": 0,
            "p(95)": 0,
            "p(99)": 53.98338999999999,
            "avg": 1.7611654966887427,
            "min": 0,
            "med": 0,
            "max": 210.098
        },
        "data_sent": {
            "count": 5783244,
            "rate": 10148.013882163996
        },
        "http_req_sending": {
            "p(99)": 0.519,
            "avg": 0.11097145695364197,
            "min": 0.015,
            "med": 0.067,
            "max": 4.813,
            "p(90)": 0.235,
            "p(95)": 0.286
        },
        "target_duration": {
            "avg": 14824.220759423504,
            "min": 185,
            "med": 5986,
            "max": 60016,
            "p(90)": 60002,
            "p(95)": 60003,
            "p(99)": 60004,
            "thresholds": {
                "p(95)<5000": true
            }
        },
        "http_req_duration": {
            "p(90)": 60001.146,
            "p(95)": 60002.2921,
            "p(99)": 60002.785,
            "avg": 13998.581656754955,
            "min": 77.148,
            "med": 4339.422500000001,
            "max": 60094.2
        },
        "http_req_tls_handshaking": {
            "max": 172.221,
            "p(90)": 0,
            "p(95)": 0,
            "p(99)": 64.9591,
            "avg": 2.121925430463576,
            "min": 0,
            "med": 0
        },
        "iterations": {
            "count": 7216,
            "rate": 12.662109392876282
        },
        "http_req_duration{expected_response:true}": {
            "avg": 5598.782669166421,
            "min": 77.148,
            "med": 1433.0295,
            "max": 59966.938,
            "p(90)": 16296.2497,
            "p(95)": 28307.454599999997,
            "p(99)": 50354.74558999999
        },
        "iteration_duration": {
            "p(99)": 180004.99428125,
            "avg": 27994.562175909155,
            "min": 312.711958,
            "med": 6328.1022705,
            "max": 180012.965583,
            "p(90)": 120001.9404585,
            "p(95)": 120004.3151565
        },
        "checks": {
            "passes": 24740,
            "fails": 4460,
            "value": 0.8472602739726027
        },
        "target_success": {
            "count": 6072,
            "rate": 10.654701806200773
        },
        "http_req_waiting": {
            "max": 60094.145,
            "p(90)": 60001.0341,
            "p(95)": 60002.1662,
            "p(99)": 60002.688010000005,
            "avg": 13997.39381092718,
            "min": 76.843,
            "med": 4335.552
        },
        "http_reqs": {
            "count": 15100,
            "rate": 26.49637636258756
        },
        "http_req_blocked": {
            "min": 0,
            "med": 0.001,
            "max": 363.713,
            "p(90)": 0.002,
            "p(95)": 0.002,
            "p(99)": 118.75822,
            "avg": 3.8919593377474944
        },
        "data_received": {
            "count": 46654474,
            "rate": 81865.86106639444
        },
        "target_fail": {
            "count": 1144,
            "rate": 2.007407586675508
        },
        "http_req_failed": {
            "passes": 2432,
            "fails": 12668,
            "value": 0.16105960264900662
        },
        "http_req_receiving": {
            "min": 0,
            "med": 0.041,
            "max": 86.447,
            "p(90)": 0.207,
            "p(95)": 0.276,
            "p(99)": 49.861349999999995,
            "avg": 1.0768743708609387
        },
        "vus_max": {
            "value": 500,
            "min": 500,
            "max": 500
        }
    },
    "root_group": {
        "checks": {
            "add-item 200": {
                "path": "::add-item 200",
                "id": "33c9fa24edc9e82dc71c99a3b7d11540",
                "passes": 6298,
                "fails": 1086,
                "name": "add-item 200"
            },
            "has items": {
                "name": "has items",
                "path": "::has items",
                "id": "a26ba3373a464cabfd3ac187534f4261",
                "passes": 6298,
                "fails": 1086
            },
            "checkout 200": {
                "path": "::checkout 200",
                "id": "acab75c6e41819050be5685e71d4a1fb",
                "passes": 6072,
                "fails": 1144,
                "name": "checkout 200"
            },
            "order created": {
                "id": "5e7ce872bb14a562c4b9054c8eda7170",
                "passes": 6072,
                "fails": 1144,
                "name": "order created",
                "path": "::order created"
            }
        },
        "name": "",
        "path": "",
        "id": "d41d8cd98f00b204e9800998ecf8427e",
        "groups": {}
    }
}