{
    "metrics": {
        "iteration_duration": {
            "p(95)": 63187.96190245,
            "p(99)": 83190.4291375,
            "avg": 11800.703330050845,
            "min": 330.706125,
            "med": 5097.0254585,
            "max": 180002.5565,
            "p(90)": 26684.049887500005
        },
        "vus_max": {
            "value": 200,
            "min": 200,
            "max": 200
        },
        "http_req_connecting": {
            "p(95)": 0,
            "p(99)": 50.1285,
            "avg": 0.7880044006862089,
            "min": 0,
            "med": 0,
            "max": 89.61,
            "p(90)": 0
        },
        "checks": {
            "fails": 1306,
            "passes": 25108,
            "value": 0.9505565230559552
        },
        "target_success": {
            "count": 6166,
            "rate": 12.097225728862313
        },
        "data_received": {
            "count": 38843262,
            "rate": 76207.5427277554
        },
        "target_duration": {
            "p(95)": 20112,
            "p(99)": 60002,
            "avg": 7449.616236722307,
            "min": 161,
            "med": 4705.5,
            "max": 60004,
            "p(90)": 10962,
            "thresholds": {
                "p(95)<5000": true
            }
        },
        "http_req_sending": {
            "min": 0.014,
            "med": 0.054,
            "max": 6.253,
            "p(90)": 0.18,
            "p(95)": 0.221,
            "p(99)": 0.346,
            "avg": 0.08516491385097276
        },
        "http_reqs": {
            "count": 13407,
            "rate": 26.30352016653536
        },
        "http_req_waiting": {
            "max": 60004.942,
            "p(90)": 9683.100600000002,
            "p(95)": 21004.591699999954,
            "p(99)": 60002.05564,
            "avg": 5858.046110464712,
            "min": 75.663,
            "med": 2980.257
        },
        "iterations": {
            "rate": 12.929081666104873,
            "count": 6590
        },
        "http_req_failed": {
            "passes": 704,
            "fails": 12703,
            "value": 0.052509882896994105
        },
        "http_req_receiving": {
            "min": 0,
            "med": 0.042,
            "max": 957.765,
            "p(90)": 0.154,
            "p(95)": 0.204,
            "p(99)": 45.693619999999996,
            "avg": 0.6947266353397537
        },
        "target_fail": {
            "count": 424,
            "rate": 0.8318559372425594
        },
        "http_req_duration": {
            "min": 75.891,
            "med": 2982.803,
            "max": 60004.966,
            "p(90)": 9683.203000000001,
            "p(95)": 21004.743999999955,
            "p(99)": 60002.1874,
            "avg": 5858.826002013881
        },
        "vus": {
            "max": 200,
            "value": 1,
            "min": 1
        },
        "http_req_duration{expected_response:true}": {
            "min": 75.891,
            "med": 2595.728,
            "max": 59945.709,
            "p(90)": 7425.9316,
            "p(95)": 10835.363599999984,
            "p(99)": 20947.767659999994,
            "avg": 3577.2040492797037
        },
        "data_sent": {
            "count": 4639873,
            "rate": 9103.079960144918
        },
        "http_req_tls_handshaking": {
            "p(90)": 0,
            "p(95)": 0,
            "p(99)": 61.270999999999994,
            "avg": 0.9596102036249718,
            "min": 0,
            "med": 0,
            "max": 165.047
        },
        "http_req_blocked": {
            "avg": 1.7524705004849266,
            "min": 0,
            "med": 0,
            "max": 219.677,
            "p(90)": 0.001,
            "p(95)": 0.002,
            "p(99)": 112.4973
        }
    },
    "root_group": {
        "path": "",
        "id": "d41d8cd98f00b204e9800998ecf8427e",
        "groups": {},
        "checks": {
                "add-item 200": {
                    "name": "add-item 200",
                    "path": "::add-item 200",
                    "id": "33c9fa24edc9e82dc71c99a3b7d11540",
                    "passes": 6388,
                    "fails": 229
                },
                "has items": {
                    "id": "a26ba3373a464cabfd3ac187534f4261",
                    "passes": 6388,
                    "fails": 229,
                    "name": "has items",
                    "path": "::has items"
                },
                "checkout 200": {
                    "name": "checkout 200",
                    "path": "::checkout 200",
                    "id": "acab75c6e41819050be5685e71d4a1fb",
                    "passes": 6166,
                    "fails": 424
                },
                "order created": {
                    "name": "order created",
                    "path": "::order created",
                    "id": "5e7ce872bb14a562c4b9054c8eda7170",
                    "passes": 6166,
                    "fails": 424
                }
            },
        "name": ""
    }
}