{
    "metrics": {
        "data_received": {
            "count": 244353372,
            "rate": 581819.0672246856
        },
        "vus": {
            "value": 1,
            "min": 0,
            "max": 50
        },
        "http_req_duration": {
            "max": 455.235,
            "p(90)": 293.77459999999996,
            "p(95)": 305.128,
            "p(99)": 328.47247999999996,
            "avg": 235.86684671523315,
            "min": 0.228,
            "med": 251.789
        },
        "http_reqs": {
            "count": 76185,
            "rate": 181.4007528265772
        },
        "target_success": {
            "count": 76135,
            "rate": 181.2817000256147
        },
        "checks": {
            "passes": 152270,
            "fails": 0,
            "value": 1
        },
        "http_req_duration{expected_response:true}": {
            "avg": 235.86684671523315,
            "min": 0.228,
            "med": 251.789,
            "max": 455.235,
            "p(90)": 293.77459999999996,
            "p(95)": 305.128,
            "p(99)": 328.47247999999996
        },
        "iteration_duration": {
            "max": 780.695042,
            "p(90)": 294.21240819999997,
            "p(95)": 305.733,
            "p(99)": 329.77852928,
            "avg": 236.46179340535969,
            "min": 69.631458,
            "med": 252.18275
        },
        "target_duration": {
            "avg": 236.19516648059368,
            "min": -5,
            "med": 252,
            "max": 456,
            "p(90)": 294,
            "p(95)": 305,
            "p(99)": 329,
            "thresholds": {
                "p(95)<5000": false
            }
        },
        "http_req_sending": {
            "min": 0.013,
            "med": 0.033,
            "max": 9.271,
            "p(90)": 0.107,
            "p(95)": 0.145,
            "p(99)": 0.28,
            "avg": 0.05684322373170101
        },
        "http_req_waiting": {
            "max": 454.993,
            "p(90)": 293.6696,
            "p(95)": 304.9868,
            "p(99)": 328.21052,
            "avg": 235.73167862439615,
            "min": 0,
            "med": 251.669
        },
        "http_req_connecting": {
            "p(99)": 0,
            "avg": 0.03196709325982804,
            "min": 0,
            "med": 0,
            "max": 56.357,
            "p(90)": 0,
            "p(95)": 0
        },
        "http_req_failed": {
            "passes": 0,
            "fails": 76185,
            "value": 0
        },
        "iterations": {
            "count": 76135,
            "rate": 181.2817000256147
        },
        "http_req_receiving": {
            "avg": 0.07832486709983359,
            "min": 0.007,
            "med": 0.027,
            "max": 60.374,
            "p(90)": 0.096,
            "p(95)": 0.122,
            "p(99)": 0.221
        },
        "data_sent": {
            "count": 12105877,
            "rate": 28824.771299152668
        },
        "http_req_tls_handshaking": {
            "avg": 0.04107056507186455,
            "min": 0,
            "med": 0,
            "max": 79.038,
            "p(90)": 0,
            "p(95)": 0,
            "p(99)": 0
        },
        "vus_max": {
            "value": 50,
            "min": 50,
            "max": 50
        },
        "http_req_blocked": {
            "p(95)": 0.001,
            "p(99)": 0.002,
            "avg": 0.07393838682161355,
            "min": 0,
            "med": 0,
            "max": 142.786,
            "p(90)": 0.001
        }
    },
    "root_group": {
        "name": "",
        "path": "",
        "id": "d41d8cd98f00b204e9800998ecf8427e",
        "groups": {},
        "checks": {
                "add-item 200": {
                    "passes": 76135,
                    "fails": 0,
                    "name": "add-item 200",
                    "path": "::add-item 200",
                    "id": "33c9fa24edc9e82dc71c99a3b7d11540"
                },
                "has items": {
                    "name": "has items",
                    "path": "::has items",
                    "id": "a26ba3373a464cabfd3ac187534f4261",
                    "passes": 76135,
                    "fails": 0
                }
            }
    }
}