{
    "root_group": {
        "path": "",
        "id": "d41d8cd98f00b204e9800998ecf8427e",
        "groups": {},
        "checks": {
                "add-item 200": {
                    "name": "add-item 200",
                    "path": "::add-item 200",
                    "id": "33c9fa24edc9e82dc71c99a3b7d11540",
                    "passes": 39640,
                    "fails": 0
                },
                "has items": {
                    "name": "has items",
                    "path": "::has items",
                    "id": "a26ba3373a464cabfd3ac187534f4261",
                    "passes": 39640,
                    "fails": 0
                },
                "apply-coupon 200": {
                    "path": "::apply-coupon 200",
                    "id": "956e5dbcf1a03d5fbb3b838a9e6a2cc9",
                    "passes": 50,
                    "fails": 39590,
                    "name": "apply-coupon 200"
                }
            },
        "name": ""
    },
    "metrics": {
        "target_fail": {
            "count": 39590,
            "rate": 94.25367170368145
        },
        "data_received": {
            "count": 153743154,
            "rate": 366023.1564487128
        },
        "http_req_waiting": {
            "p(95)": 304.678,
            "p(99)": 331.86017999999996,
            "avg": 226.53424486323198,
            "min": 64.533,
            "med": 235.2385,
            "max": 46209.005,
            "p(90)": 290.4751
        },
        "http_req_receiving": {
            "p(99)": 0.209,
            "avg": 0.07222817345268041,
            "min": 0.006,
            "med": 0.024,
            "max": 66.606,
            "p(90)": 0.089,
            "p(95)": 0.117
        },
        "http_reqs": {
            "count": 79330,
            "rate": 188.86445507080197
        },
        "iteration_duration": {
            "avg": 454.25508807108923,
            "min": 144.356958,
            "med": 483.813396,
            "max": 46513.748,
            "p(90)": 545.3384877999999,
            "p(95)": 562.0864273999999,
            "p(99)": 595.01017576
        },
        "target_duration": {
            "min": 65,
            "med": 220,
            "max": 46210,
            "p(90)": 257,
            "p(95)": 267,
            "p(99)": 287,
            "avg": 209.28995963673057,
            "thresholds": {
                "p(95)<5000": false
            }
        },
        "data_sent": {
            "count": 9977357,
            "rate": 23753.537033302047
        },
        "vus": {
            "min": 0,
            "max": 50,
            "value": 1
        },
        "http_req_duration{expected_response:true}": {
            "p(90)": 304.3102,
            "p(95)": 316.34009999999995,
            "p(99)": 342.87348,
            "avg": 244.0172669099147,
            "min": 72.024,
            "med": 260.0615,
            "max": 30319.378
        },
        "http_req_sending": {
            "p(95)": 0.148,
            "p(99)": 0.292,
            "avg": 0.05919662170679093,
            "min": 0.013,
            "med": 0.035,
            "max": 12.232,
            "p(90)": 0.111
        },
        "http_req_duration": {
            "max": 46209.05,
            "p(90)": 290.5921,
            "p(95)": 304.8471,
            "p(99)": 332.07368,
            "avg": 226.66566965838484,
            "min": 64.7,
            "med": 235.377
        },
        "http_req_failed": {
            "fails": 39740,
            "passes": 39590,
            "value": 0.4990545821252994
        },
        "checks": {
            "passes": 79330,
            "fails": 39590,
            "value": 0.6670871173898419
        },
        "http_req_blocked": {
            "p(95)": 0.001,
            "p(99)": 0.002,
            "avg": 0.07121375267874762,
            "min": 0,
            "med": 0,
            "max": 151.759,
            "p(90)": 0.001
        },
        "target_success": {
            "count": 50,
            "rate": 0.11903722114635192
        },
        "iterations": {
            "count": 39640,
            "rate": 94.3727089248278
        },
        "vus_max": {
            "min": 50,
            "max": 50,
            "value": 50
        },
        "http_req_connecting": {
            "p(99)": 0,
            "avg": 0.030801096684734654,
            "min": 0,
            "med": 0,
            "max": 59.205,
            "p(90)": 0,
            "p(95)": 0
        },
        "http_req_tls_handshaking": {
            "p(99)": 0,
            "avg": 0.03954764906088489,
            "min": 0,
            "med": 0,
            "max": 83.143,
            "p(90)": 0,
            "p(95)": 0
        }
    }
}