{
    "root_group": {
        "path": "",
        "id": "d41d8cd98f00b204e9800998ecf8427e",
        "groups": {},
        "checks": {
                "add-item 200": {
                    "name": "add-item 200",
                    "path": "::add-item 200",
                    "id": "33c9fa24edc9e82dc71c99a3b7d11540",
                    "passes": 1494,
                    "fails": 0
                },
                "has items": {
                    "passes": 1494,
                    "fails": 0,
                    "name": "has items",
                    "path": "::has items",
                    "id": "a26ba3373a464cabfd3ac187534f4261"
                }
            },
        "name": ""
    },
    "metrics": {
        "http_req_failed": {
            "passes": 0,
            "fails": 1495,
            "value": 0
        },
        "target_success": {
            "rate": 12.44121453268096,
            "count": 1494
        },
        "checks": {
            "passes": 2988,
            "fails": 0,
            "value": 1
        },
        "vus": {
            "value": 1,
            "min": 1,
            "max": 1
        },
        "http_req_tls_handshaking": {
            "avg": 0.04632240802675585,
            "min": 0,
            "med": 0,
            "max": 69.252,
            "p(90)": 0,
            "p(95)": 0,
            "p(99)": 0
        },
        "http_req_duration{expected_response:true}": {
            "avg": 79.8644240802676,
            "min": 69.033,
            "med": 79.672,
            "max": 185.882,
            "p(90)": 85.5332,
            "p(95)": 87.9061,
            "p(99)": 95.73906
        },
        "http_req_blocked": {
            "avg": 0.10016387959866457,
            "min": 0,
            "med": 0,
            "max": 148.844,
            "p(90)": 0.001,
            "p(95)": 0.001,
            "p(99)": 0.002
        },
        "http_req_connecting": {
            "p(95)": 0,
            "p(99)": 0,
            "avg": 0.03395785953177258,
            "min": 0,
            "med": 0,
            "max": 50.767,
            "p(90)": 0
        },
        "http_req_receiving": {
            "p(90)": 0.113,
            "p(95)": 0.14129999999999993,
            "p(99)": 0.22429999999999994,
            "avg": 0.1039558528428095,
            "min": 0.024,
            "med": 0.061,
            "max": 47.264
        },
        "data_sent": {
            "rate": 1981.8421723013446,
            "count": 237989
        },
        "data_received": {
            "count": 4683250,
            "rate": 38999.543480708235
        },
        "vus_max": {
            "value": 1,
            "min": 1,
            "max": 1
        },
        "http_req_sending": {
            "avg": 0.0822936454849499,
            "min": 0.039,
            "med": 0.07,
            "max": 1.297,
            "p(90)": 0.11960000000000003,
            "p(95)": 0.149,
            "p(99)": 0.264
        },
        "http_req_duration": {
            "p(95)": 87.9061,
            "p(99)": 95.73906,
            "avg": 79.8644240802676,
            "min": 69.033,
            "med": 79.672,
            "max": 185.882,
            "p(90)": 85.5332
        },
        "http_reqs": {
            "count": 1495,
            "rate": 12.44954198551408
        },
        "target_duration": {
            "p(95)": 88,
            "p(99)": 95.07,
            "avg": 80.11914323962517,
            "min": 70,
            "med": 80,
            "max": 123,
            "p(90)": 86,
            "thresholds": {
                "p(95)<5000": false
            }
        },
        "iteration_duration": {
            "avg": 80.36447987684076,
            "min": 69.480208,
            "med": 80.0083955,
            "max": 418.59,
            "p(90)": 85.8548544,
            "p(95)": 88.17230625,
            "p(99)": 95.9934545
        },
        "http_req_waiting": {
            "med": 79.506,
            "max": 138.515,
            "p(90)": 85.4004,
            "p(95)": 87.7975,
            "p(99)": 95.62187999999999,
            "avg": 79.67817458193981,
            "min": 68.859
        },
        "iterations": {
            "count": 1494,
            "rate": 12.44121453268096
        }
    }
}