{
    "root_group": {
        "name": "",
        "path": "",
        "id": "d41d8cd98f00b204e9800998ecf8427e",
        "groups": {},
        "checks": {
                "add-item 200": {
                    "name": "add-item 200",
                    "path": "::add-item 200",
                    "id": "33c9fa24edc9e82dc71c99a3b7d11540",
                    "passes": 64538,
                    "fails": 490
                },
                "has items": {
                    "fails": 490,
                    "name": "has items",
                    "path": "::has items",
                    "id": "a26ba3373a464cabfd3ac187534f4261",
                    "passes": 64538
                }
            }
    },
    "metrics": {
        "http_req_duration": {
            "p(99)": 55192.27153999965,
            "avg": 1194.5302476850475,
            "min": 68.643,
            "med": 354.0875,
            "max": 60052.066,
            "p(90)": 1323.4989000000003,
            "p(95)": 2386.2396499999977
        },
        "iterations": {
            "count": 65028,
            "rate": 128.93310789642064
        },
        "data_sent": {
            "count": 10646610,
            "rate": 21109.37620503646
        },
        "http_req_waiting": {
            "p(99)": 55192.20496999965,
            "avg": 1190.096292604396,
            "min": 68.601,
            "med": 353.8335,
            "max": 60052.007,
            "p(90)": 1315.0746000000001,
            "p(95)": 2354.9947999999977
        },
        "data_received": {
            "count": 217004781,
            "rate": 430262.36148600804
        },
        "iteration_duration": {
            "med": 354.198938,
            "max": 120002.753083,
            "p(90)": 1307.4088082000003,
            "p(95)": 2302.187814899995,
            "p(99)": 40149.08394422729,
            "avg": 1198.8217614853058,
            "min": 68.789625
        },
        "http_req_receiving": {
            "avg": 4.3754268259024665,
            "min": 0,
            "med": 0.029,
            "max": 3814.486,
            "p(90)": 0.104,
            "p(95)": 0.134,
            "p(99)": 0.2757299999999994
        },
        "http_req_blocked": {
            "p(99)": 0.002,
            "avg": 0.35935964616428884,
            "min": 0,
            "med": 0,
            "max": 194.616,
            "p(90)": 0.001,
            "p(95)": 0.001
        },
        "http_req_connecting": {
            "med": 0,
            "max": 128.803,
            "p(90)": 0,
            "p(95)": 0,
            "p(99)": 0,
            "avg": 0.16390271049242666,
            "min": 0
        },
        "vus_max": {
            "min": 200,
            "max": 200,
            "value": 200
        },
        "http_req_failed": {
            "passes": 566,
            "fails": 64662,
            "value": 0.008677255166492917
        },
        "target_success": {
            "count": 64538,
            "rate": 127.96156913051601
        },
        "http_req_tls_handshaking": {
            "min": 0,
            "med": 0,
            "max": 94.703,
            "p(90)": 0,
            "p(95)": 0,
            "p(99)": 0,
            "avg": 0.1941959434598639
        },
        "http_reqs": {
            "rate": 129.32965433148374,
            "count": 65228
        },
        "vus": {
            "max": 200,
            "value": 2,
            "min": 1
        },
        "checks": {
            "passes": 129076,
            "fails": 980,
            "value": 0.992464784400566
        },
        "target_fail": {
            "count": 490,
            "rate": 0.9715387659046274
        },
        "http_req_sending": {
            "avg": 0.05852825473722533,
            "min": 0.013,
            "med": 0.034,
            "max": 11.934,
            "p(90)": 0.11,
            "p(95)": 0.149,
            "p(99)": 0.29
        },
        "target_duration": {
            "max": 60053,
            "p(90)": 1303,
            "p(95)": 2272.2999999999943,
            "p(99)": 11852.329999999987,
            "avg": 1112.4178661499661,
            "min": 69,
            "med": 354,
            "thresholds": {
                "p(95)<5000": false
            }
        },
        "http_req_duration{expected_response:true}": {
            "max": 60002.061,
            "p(90)": 1259.411,
            "p(95)": 2006.20365,
            "p(99)": 3935.586309999998,
            "avg": 679.8751834462229,
            "min": 68.643,
            "med": 353.41200000000003
        }
    }
}