{
    "metrics": {
        "data_sent": {
            "count": 921290,
            "rate": 2074.9594851486086
        },
        "http_req_duration{expected_response:true}": {
            "med": 3538.387,
            "max": 59916.203,
            "p(90)": 7994.603,
            "p(95)": 8757.321,
            "p(99)": 10089.2216,
            "avg": 4473.792632527651,
            "min": 105.885
        },
        "http_req_connecting": {
            "avg": 0.8208471042471045,
            "min": 0,
            "med": 0,
            "max": 52.931,
            "p(90)": 0,
            "p(95)": 0,
            "p(99)": 41.953880000000005
        },
        "iteration_duration": {
            "max": 123639.648666,
            "p(90)": 13702.780899600008,
            "p(95)": 62651.9250836,
            "p(99)": 69556.472548,
            "avg": 14008.294094079833,
            "min": 607.777958,
            "med": 9577.246791
        },
        "http_reqs": {
            "count": 2590,
            "rate": 5.833282751940102
        },
        "http_req_sending": {
            "avg": 0.07653204633204636,
            "min": 0.019,
            "med": 0.0635,
            "max": 2.422,
            "p(90)": 0.124,
            "p(95)": 0.15854999999999989,
            "p(99)": 0.24265999999999985
        },
        "http_req_waiting": {
            "avg": 6982.107923552124,
            "min": 105.722,
            "med": 3791.0860000000002,
            "max": 60004.756,
            "p(90)": 8621.594000000001,
            "p(95)": 10586.124349999998,
            "p(99)": 60000.89021
        },
        "http_req_receiving": {
            "avg": 1.008781467181465,
            "min": 0,
            "med": 0.055,
            "max": 966.766,
            "p(90)": 0.118,
            "p(95)": 0.154,
            "p(99)": 40.30104
        },
        "http_req_duration": {
            "med": 3791.257,
            "max": 60004.884,
            "p(90)": 8621.7003,
            "p(95)": 10586.22295,
            "p(99)": 60000.97761,
            "avg": 6983.193237065631,
            "min": 105.885
        },
        "target_success": {
            "count": 1175,
            "rate": 2.6463734492392352
        },
        "http_req_blocked": {
            "min": 0,
            "med": 0.001,
            "max": 134.884,
            "p(90)": 0.001,
            "p(95)": 0.001,
            "p(99)": 96.36555999999999,
            "avg": 1.9045351351352262
        },
        "data_received": {
            "rate": 17137.44148840151,
            "count": 7609090
        },
        "http_req_failed": {
            "passes": 149,
            "fails": 2441,
            "value": 0.05752895752895753
        },
        "target_duration": {
            "med": 6795,
            "max": 60006,
            "p(90)": 9311,
            "p(95)": 10580.199999999999,
            "p(99)": 60002.36,
            "avg": 8917.143873517787,
            "min": 477,
            "thresholds": {
                "p(95)<5000": true
            }
        },
        "http_req_tls_handshaking": {
            "p(95)": 0,
            "p(99)": 54.683889999999984,
            "avg": 1.0701598455598458,
            "min": 0,
            "med": 0,
            "max": 64.292,
            "p(90)": 0
        },
        "iterations": {
            "count": 1265,
            "rate": 2.8490743942873467
        },
        "target_fail": {
            "count": 90,
            "rate": 0.20270094504811162
        },
        "vus_max": {
            "value": 50,
            "min": 50,
            "max": 50
        },
        "vus": {
            "value": 1,
            "min": 0,
            "max": 50
        },
        "checks": {
            "passes": 4814,
            "fails": 266,
            "value": 0.9476377952755906
        }
    },
    "root_group": {
        "name": "",
        "path": "",
        "id": "d41d8cd98f00b204e9800998ecf8427e",
        "groups": {},
        "checks": {
                "add-item 200": {
                    "passes": 1232,
                    "fails": 43,
                    "name": "add-item 200",
                    "path": "::add-item 200",
                    "id": "33c9fa24edc9e82dc71c99a3b7d11540"
                },
                "has items": {
                    "path": "::has items",
                    "id": "a26ba3373a464cabfd3ac187534f4261",
                    "passes": 1232,
                    "fails": 43,
                    "name": "has items"
                },
                "checkout 200": {
                    "name": "checkout 200",
                    "path": "::checkout 200",
                    "id": "acab75c6e41819050be5685e71d4a1fb",
                    "passes": 1175,
                    "fails": 90
                },
                "order created": {
                    "id": "5e7ce872bb14a562c4b9054c8eda7170",
                    "passes": 1175,
                    "fails": 90,
                    "name": "order created",
                    "path": "::order created"
                }
            }
    }
}