{
    "root_group": {
        "id": "d41d8cd98f00b204e9800998ecf8427e",
        "groups": {},
        "checks": {
                "add-item 200": {
                    "path": "::add-item 200",
                    "id": "33c9fa24edc9e82dc71c99a3b7d11540",
                    "passes": 759,
                    "fails": 0,
                    "name": "add-item 200"
                },
                "has items": {
                    "name": "has items",
                    "path": "::has items",
                    "id": "a26ba3373a464cabfd3ac187534f4261",
                    "passes": 759,
                    "fails": 0
                },
                "apply-coupon 200": {
                    "name": "apply-coupon 200",
                    "path": "::apply-coupon 200",
                    "id": "956e5dbcf1a03d5fbb3b838a9e6a2cc9",
                    "passes": 1,
                    "fails": 758
                }
            },
        "name": "",
        "path": ""
    },
    "metrics": {
        "iteration_duration": {
            "med": 157.276708,
            "max": 485.039167,
            "p(90)": 165.72413319999998,
            "p(95)": 169.900491,
            "p(99)": 180.76599464,
            "avg": 158.21287529512526,
            "min": 139.95675
        },
        "vus": {
            "value": 1,
            "min": 1,
            "max": 1
        },
        "target_duration": {
            "avg": 76.39525691699605,
            "min": 67,
            "med": 76,
            "max": 119,
            "p(90)": 82,
            "p(95)": 86,
            "p(99)": 92,
            "thresholds": {
                "p(95)<5000": false
            }
        },
        "http_req_duration{expected_response:true}": {
            "p(90)": 85.177,
            "p(95)": 88.152,
            "p(99)": 95.6364,
            "avg": 80.97853613666227,
            "min": 71.872,
            "med": 80.59,
            "max": 187.256
        },
        "http_req_blocked": {
            "p(99)": 0.003,
            "avg": 0.08544107965767271,
            "min": 0,
            "med": 0.001,
            "max": 128.627,
            "p(90)": 0.002,
            "p(95)": 0.002
        },
        "http_req_connecting": {
            "p(95)": 0,
            "p(99)": 0,
            "avg": 0.03783410138248848,
            "min": 0,
            "med": 0,
            "max": 57.47,
            "p(90)": 0
        },
        "http_req_failed": {
            "fails": 761,
            "passes": 758,
            "value": 0.4990125082290981
        },
        "checks": {
            "passes": 1519,
            "fails": 758,
            "value": 0.6671058410188845
        },
        "http_reqs": {
            "count": 1519,
            "rate": 12.647941573737324
        },
        "vus_max": {
            "value": 1,
            "min": 1,
            "max": 1
        },
        "data_sent": {
            "rate": 1600.4184028998707,
            "count": 192208
        },
        "http_req_receiving": {
            "p(99)": 0.39421999999999974,
            "avg": 0.1196510862409479,
            "min": 0.011,
            "med": 0.051,
            "max": 46.604,
            "p(90)": 0.18,
            "p(95)": 0.22409999999999994
        },
        "http_req_sending": {
            "p(90)": 0.273,
            "p(95)": 0.319,
            "p(99)": 0.6345999999999996,
            "avg": 0.12903818301514175,
            "min": 0.03,
            "med": 0.073,
            "max": 1.701
        },
        "iterations": {
            "count": 759,
            "rate": 6.319807540794358
        },
        "http_req_tls_handshaking": {
            "p(99)": 0,
            "avg": 0.044306780776826864,
            "min": 0,
            "med": 0,
            "max": 67.302,
            "p(90)": 0,
            "p(95)": 0
        },
        "http_req_duration": {
            "p(95)": 86.5491,
            "p(99)": 92.56102,
            "avg": 78.57605069124422,
            "min": 66.421,
            "med": 78.05,
            "max": 187.256,
            "p(90)": 84.31680000000001
        },
        "target_success": {
            "count": 1,
            "rate": 0.008326492148609166
        },
        "http_req_waiting": {
            "p(95)": 86.415,
            "p(99)": 92.4473,
            "avg": 78.3273614219882,
            "min": 66.113,
            "med": 77.886,
            "max": 140.534,
            "p(90)": 84.0856
        },
        "data_received": {
            "rate": 23645.922116290552,
            "count": 2839842
        },
        "target_fail": {
            "count": 758,
            "rate": 6.311481048645748
        }
    }
}