{
    "root_group": {
        "name": "",
        "path": "",
        "id": "d41d8cd98f00b204e9800998ecf8427e",
        "groups": {},
        "checks": {
                "add-item 200": {
                    "name": "add-item 200",
                    "path": "::add-item 200",
                    "id": "33c9fa24edc9e82dc71c99a3b7d11540",
                    "passes": 1481,
                    "fails": 0
                },
                "has items": {
                    "fails": 0,
                    "name": "has items",
                    "path": "::has items",
                    "id": "a26ba3373a464cabfd3ac187534f4261",
                    "passes": 1481
                }
            }
    },
    "metrics": {
        "checks": {
            "passes": 2962,
            "fails": 0,
            "value": 1
        },
        "target_duration": {
            "min": 69,
            "med": 80,
            "max": 175,
            "p(90)": 86,
            "p(95)": 89,
            "p(99)": 98,
            "avg": 80.83051991897366,
            "thresholds": {
                "p(95)<5000": false
            }
        },
        "http_req_duration": {
            "avg": 80.59902564102562,
            "min": 68.93,
            "med": 79.864,
            "max": 183.419,
            "p(90)": 85.5228,
            "p(95)": 89.28725,
            "p(99)": 97.89000999999999
        },
        "http_req_waiting": {
            "p(90)": 85.3795,
            "p(95)": 89.16844999999999,
            "p(99)": 97.76662999999999,
            "avg": 80.43544871794873,
            "min": 68.817,
            "med": 79.7475,
            "max": 174.061
        },
        "vus": {
            "value": 1,
            "min": 1,
            "max": 1
        },
        "vus_max": {
            "value": 1,
            "min": 1,
            "max": 1
        },
        "http_req_connecting": {
            "med": 0,
            "max": 48.439,
            "p(90)": 0,
            "p(95)": 0,
            "p(99)": 0,
            "avg": 0.03268488529014845,
            "min": 0
        },
        "http_req_sending": {
            "max": 1.464,
            "p(90)": 0.103,
            "p(95)": 0.121,
            "p(99)": 0.21813999999999992,
            "avg": 0.07090418353576264,
            "min": 0.031,
            "med": 0.061
        },
        "http_req_duration{expected_response:true}": {
            "avg": 80.59902564102562,
            "min": 68.93,
            "med": 79.864,
            "max": 183.419,
            "p(90)": 85.5228,
            "p(95)": 89.28725,
            "p(99)": 97.89000999999999
        },
        "http_req_failed": {
            "passes": 0,
            "fails": 1482,
            "value": 0
        },
        "http_req_tls_handshaking": {
            "min": 0,
            "med": 0,
            "max": 67.045,
            "p(90)": 0,
            "p(95)": 0,
            "p(99)": 0,
            "avg": 0.045239541160593796
        },
        "data_received": {
            "count": 4643671,
            "rate": 38680.05860060893
        },
        "data_sent": {
            "count": 235737,
            "rate": 1963.6018517099396
        },
        "http_req_blocked": {
            "avg": 0.08052226720647947,
            "min": 0,
            "med": 0,
            "max": 118.744,
            "p(90)": 0.001,
            "p(95)": 0.001,
            "p(99)": 0.001
        },
        "iteration_duration": {
            "med": 80.181125,
            "max": 382.485625,
            "p(90)": 85.817167,
            "p(95)": 89.730417,
            "p(99)": 98.16297479999999,
            "avg": 81.05111179608372,
            "min": 69.149833
        },
        "target_success": {
            "count": 1481,
            "rate": 12.336181178102803
        },
        "http_reqs": {
            "count": 1482,
            "rate": 12.344510807527586
        },
        "http_req_receiving": {
            "min": 0.017,
            "med": 0.054,
            "max": 46.396,
            "p(90)": 0.09390000000000004,
            "p(95)": 0.115,
            "p(99)": 0.17056999999999997,
            "avg": 0.09267273954116087
        },
        "iterations": {
            "count": 1481,
            "rate": 12.336181178102803
        }
    }
}