{
    "metrics": {
        "http_req_receiving": {
            "avg": 3.7449368558774516,
            "min": 0,
            "med": 0.034,
            "max": 1923.831,
            "p(90)": 0.104,
            "p(95)": 0.148,
            "p(99)": 0.527
        },
        "http_req_waiting": {
            "avg": 1787.2175160557285,
            "min": 60.102,
            "med": 378.433,
            "max": 60004.209,
            "p(90)": 2094.752,
            "p(95)": 3669.247399999999,
            "p(99)": 59983.189679999996
        },
        "iteration_duration": {
            "max": 126172.974208,
            "p(90)": 2109.0104584000005,
            "p(95)": 3689.764383199989,
            "p(99)": 60000.36982022,
            "avg": 1808.52022688427,
            "min": 73.366709,
            "med": 379.137292
        },
        "iterations": {
            "rate": 84.79493246138729,
            "count": 43167
        },
        "http_req_duration": {
            "med": 379.414,
            "max": 60004.492,
            "p(90)": 2100.4990000000003,
            "p(95)": 3670.295099999999,
            "p(99)": 59983.25274,
            "avg": 1791.0398447678126,
            "min": 60.133
        },
        "vus": {
            "value": 1,
            "min": 1,
            "max": 200
        },
        "http_req_tls_handshaking": {
            "med": 0,
            "max": 166.331,
            "p(90)": 0,
            "p(95)": 0,
            "p(99)": 0,
            "avg": 0.3002117887391832,
            "min": 0
        },
        "target_success": {
            "count": 42680,
            "rate": 83.83829586146847
        },
        "checks": {
            "passes": 85504,
            "fails": 1030,
            "value": 0.9880971641204613
        },
        "target_duration": {
            "avg": 1689.7988278082794,
            "min": 73,
            "med": 379,
            "max": 60005,
            "p(90)": 2076.400000000001,
            "p(95)": 3556.699999999998,
            "p(99)": 59984,
            "thresholds": {
                "p(95)<5000": false
            }
        },
        "http_req_sending": {
            "max": 50.59,
            "p(90)": 0.128,
            "p(95)": 0.182,
            "p(99)": 0.4073399999999996,
            "avg": 0.0773918562214508,
            "min": 0.012,
            "med": 0.05
        },
        "data_sent": {
            "rate": 13763.602206120288,
            "count": 7006709
        },
        "target_fail": {
            "count": 487,
            "rate": 0.9566365999188179
        },
        "http_reqs": {
            "count": 43567,
            "rate": 85.58067094181342
        },
        "http_req_duration{expected_response:true}": {
            "med": 376.3365,
            "max": 59988.26,
            "p(90)": 1969.7088,
            "p(95)": 2979.958249999996,
            "p(99)": 6685.90025,
            "avg": 1051.1091092980082,
            "min": 60.133
        },
        "http_req_blocked": {
            "min": 0,
            "med": 0,
            "max": 218.884,
            "p(90)": 0.001,
            "p(95)": 0.001,
            "p(99)": 0.002,
            "avg": 0.5474093694769675
        },
        "http_req_connecting": {
            "p(95)": 0,
            "p(99)": 0,
            "avg": 0.24491413225606518,
            "min": 0,
            "med": 0,
            "max": 119.905,
            "p(90)": 0
        },
        "data_received": {
            "count": 96255209,
            "rate": 189078.5541318998
        },
        "http_req_failed": {
            "fails": 43020,
            "passes": 547,
            "value": 0.012555374480684922
        },
        "vus_max": {
            "value": 200,
            "min": 200,
            "max": 200
        }
    },
    "root_group": {
        "path": "",
        "id": "d41d8cd98f00b204e9800998ecf8427e",
        "groups": {},
        "checks": {
                "session init 200": {
                    "name": "session init 200",
                    "path": "::session init 200",
                    "id": "e4077ac26b182e1b20d4e4cac4180311",
                    "passes": 144,
                    "fails": 56
                },
                "add_to_cart 200": {
                    "name": "add_to_cart 200",
                    "path": "::add_to_cart 200",
                    "id": "8bd954fa760fb5e8ef98e20e934e6ec2",
                    "passes": 42680,
                    "fails": 487
                },
                "has fragments": {
                    "path": "::has fragments",
                    "id": "615699412f0373c41364df6cbef6b361",
                    "passes": 42680,
                    "fails": 487,
                    "name": "has fragments"
                }
            },
        "name": ""
    }
}