{
    "root_group": {
        "checks": {
            "session init 200": {
                "name": "session init 200",
                "path": "::session init 200",
                "id": "e4077ac26b182e1b20d4e4cac4180311",
                "passes": 1,
                "fails": 0
            },
            "add_to_cart 200": {
                "path": "::add_to_cart 200",
                "id": "8bd954fa760fb5e8ef98e20e934e6ec2",
                "passes": 478,
                "fails": 0,
                "name": "add_to_cart 200"
            },
            "has fragments": {
                "name": "has fragments",
                "path": "::has fragments",
                "id": "615699412f0373c41364df6cbef6b361",
                "passes": 478,
                "fails": 0
            }
        },
        "name": "",
        "path": "",
        "id": "d41d8cd98f00b204e9800998ecf8427e",
        "groups": {}
    },
    "metrics": {
        "http_req_connecting": {
            "max": 77.007,
            "p(90)": 0,
            "p(95)": 0,
            "p(99)": 0,
            "avg": 0.16043125,
            "min": 0,
            "med": 0
        },
        "iteration_duration": {
            "p(99)": 386.08176734,
            "avg": 251.06504812552302,
            "min": 71.7975,
            "med": 284.2983545,
            "max": 866.327166,
            "p(90)": 354.5337749,
            "p(95)": 363.0884786
        },
        "data_received": {
            "count": 1018587,
            "rate": 8486.622230669887
        },
        "http_reqs": {
            "count": 480,
            "rate": 3.999244709309608
        },
        "http_req_failed": {
            "fails": 480,
            "passes": 0,
            "value": 0
        },
        "http_req_duration": {
            "max": 405.028,
            "p(90)": 353.93670000000003,
            "p(95)": 362.36809999999997,
            "p(99)": 385.06762000000003,
            "avg": 249.30142500000025,
            "min": 54.618,
            "med": 284.05449999999996
        },
        "http_req_sending": {
            "p(95)": 0.223,
            "p(99)": 0.7688999999999996,
            "avg": 0.13978125000000013,
            "min": 0.051,
            "med": 0.0945,
            "max": 6.892,
            "p(90)": 0.15920000000000004
        },
        "http_req_waiting": {
            "med": 283.808,
            "max": 404.86,
            "p(90)": 353.5082,
            "p(95)": 362.16405000000003,
            "p(99)": 384.87496999999996,
            "avg": 248.70290624999987,
            "min": 54.463
        },
        "data_sent": {
            "count": 75391,
            "rate": 628.1397039157514
        },
        "vus": {
            "value": 1,
            "min": 1,
            "max": 1
        },
        "http_req_receiving": {
            "avg": 0.4587375000000006,
            "min": 0.033,
            "med": 0.0685,
            "max": 176.161,
            "p(90)": 0.12820000000000004,
            "p(95)": 0.16209999999999997,
            "p(99)": 0.41730999999999996
        },
        "checks": {
            "fails": 0,
            "passes": 957,
            "value": 1
        },
        "iterations": {
            "count": 478,
            "rate": 3.9825811896874845
        },
        "vus_max": {
            "max": 1,
            "value": 1,
            "min": 1
        },
        "http_req_tls_handshaking": {
            "p(95)": 0,
            "p(99)": 0,
            "avg": 0.13360625,
            "min": 0,
            "med": 0,
            "max": 64.131,
            "p(90)": 0
        },
        "target_duration": {
            "p(99)": 385,
            "avg": 249.81589958158995,
            "min": 72,
            "med": 284,
            "max": 405,
            "p(90)": 354,
            "p(95)": 363,
            "thresholds": {
                "p(95)<5000": false
            }
        },
        "http_req_duration{expected_response:true}": {
            "max": 405.028,
            "p(90)": 353.93670000000003,
            "p(95)": 362.36809999999997,
            "p(99)": 385.06762000000003,
            "avg": 249.30142500000025,
            "min": 54.618,
            "med": 284.05449999999996
        },
        "http_req_blocked": {
            "p(95)": 0.001,
            "p(99)": 0.001,
            "avg": 0.44588541666666853,
            "min": 0,
            "med": 0,
            "max": 213.838,
            "p(90)": 0.001
        },
        "target_success": {
            "count": 478,
            "rate": 3.9825811896874845
        }
    }
}