{
    "metrics": {
        "target_duration": {
            "p(90)": 60001,
            "p(95)": 60001,
            "p(99)": 60002,
            "avg": 23790.525996645592,
            "min": 354,
            "med": 14055,
            "max": 60064,
            "thresholds": {
                "p(95)<5000": true
            }
        },
        "http_req_failed": {
            "passes": 1878,
            "fails": 6873,
            "value": 0.21460404525197121
        },
        "http_req_receiving": {
            "min": 0,
            "med": 0.067,
            "max": 6569.233,
            "p(90)": 0.22,
            "p(95)": 1.2674999999999972,
            "p(99)": 4465.746,
            "avg": 144.3977041480971
        },
        "target_fail": {
            "count": 1552,
            "rate": 2.7228353875778364
        },
        "http_req_tls_handshaking": {
            "min": 0,
            "med": 0,
            "max": 233.752,
            "p(90)": 0,
            "p(95)": 59.05599999999998,
            "p(99)": 66.786,
            "avg": 3.660071306136443
        },
        "http_req_connecting": {
            "min": 0,
            "med": 0,
            "max": 416.065,
            "p(90)": 0,
            "p(95)": 49.08999999999999,
            "p(99)": 56.8675,
            "avg": 3.1103805279396637
        },
        "target_success": {
            "rate": 10.875551912110186,
            "count": 6199
        },
        "iterations": {
            "rate": 13.598387299688023,
            "count": 7751
        },
        "vus_max": {
            "value": 500,
            "min": 500,
            "max": 500
        },
        "http_req_waiting": {
            "med": 13854.27,
            "max": 60046.69,
            "p(90)": 60000.228,
            "p(95)": 60000.7955,
            "p(99)": 60001.133499999996,
            "avg": 24051.61485875896,
            "min": 63.63
        },
        "http_req_blocked": {
            "p(95)": 109.73249999999999,
            "p(99)": 122.945,
            "avg": 6.785634670322179,
            "min": 0,
            "med": 0.001,
            "max": 495.22,
            "p(90)": 0.001
        },
        "http_req_duration{expected_response:true}": {
            "p(90)": 34963.1276,
            "p(95)": 42522.182,
            "p(99)": 52811.18888,
            "avg": 14416.34423046703,
            "min": 63.774,
            "med": 9001.036,
            "max": 59970.277
        },
        "vus": {
            "value": 1,
            "min": 1,
            "max": 500
        },
        "http_req_sending": {
            "p(99)": 0.7589999999999976,
            "avg": 0.13670277682550536,
            "min": 0.014,
            "med": 0.086,
            "max": 19.668,
            "p(90)": 0.2,
            "p(95)": 0.283
        },
        "checks": {
            "passes": 12704,
            "fails": 3298,
            "value": 0.7939007624046994
        },
        "data_received": {
            "rate": 57299.37421225166,
            "count": 32660303
        },
        "iteration_duration": {
            "min": 354.007625,
            "med": 15383.713792,
            "max": 180015.935792,
            "p(90)": 60001.402917,
            "p(95)": 60002.4080415,
            "p(99)": 180002.137979,
            "avg": 27326.567179965405
        },
        "http_reqs": {
            "count": 8751,
            "rate": 15.352791544261372
        },
        "data_sent": {
            "count": 2206036,
            "rate": 3870.278922081611
        },
        "http_req_duration": {
            "min": 63.774,
            "med": 14153.998,
            "max": 60046.84,
            "p(90)": 60000.33,
            "p(95)": 60000.9205,
            "p(99)": 60001.193,
            "avg": 24196.149265683824
        }
    },
    "root_group": {
        "name": "",
        "path": "",
        "id": "d41d8cd98f00b204e9800998ecf8427e",
        "groups": {},
        "checks": {
                "session init 200": {
                    "passes": 306,
                    "fails": 194,
                    "name": "session init 200",
                    "path": "::session init 200",
                    "id": "e4077ac26b182e1b20d4e4cac4180311"
                },
                "add_to_cart 200": {
                    "path": "::add_to_cart 200",
                    "id": "8bd954fa760fb5e8ef98e20e934e6ec2",
                    "passes": 6199,
                    "fails": 1552,
                    "name": "add_to_cart 200"
                },
                "has fragments": {
                    "name": "has fragments",
                    "path": "::has fragments",
                    "id": "615699412f0373c41364df6cbef6b361",
                    "passes": 6199,
                    "fails": 1552
                }
            }
    }
}