{
    "root_group": {
        "path": "",
        "id": "d41d8cd98f00b204e9800998ecf8427e",
        "groups": {},
        "checks": {
                "session init 200": {
                    "fails": 0,
                    "name": "session init 200",
                    "path": "::session init 200",
                    "id": "e4077ac26b182e1b20d4e4cac4180311",
                    "passes": 50
                },
                "add_to_cart 200": {
                    "name": "add_to_cart 200",
                    "path": "::add_to_cart 200",
                    "id": "8bd954fa760fb5e8ef98e20e934e6ec2",
                    "passes": 73187,
                    "fails": 0
                },
                "has fragments": {
                    "passes": 73187,
                    "fails": 0,
                    "name": "has fragments",
                    "path": "::has fragments",
                    "id": "615699412f0373c41364df6cbef6b361"
                }
            },
        "name": ""
    },
    "metrics": {
        "vus_max": {
            "value": 50,
            "min": 50,
            "max": 50
        },
        "data_received": {
            "count": 150755249,
            "rate": 358928.6535345749
        },
        "http_req_waiting": {
            "p(95)": 315.0701,
            "p(99)": 342.88127999999995,
            "avg": 245.17768164886235,
            "min": 58.211,
            "med": 257.528,
            "max": 490.35,
            "p(90)": 302.3924
        },
        "data_sent": {
            "count": 11278986,
            "rate": 26853.79968570992
        },
        "iterations": {
            "count": 73187,
            "rate": 174.24873455805795
        },
        "vus": {
            "max": 50,
            "value": 1,
            "min": 0
        },
        "target_success": {
            "count": 73187,
            "rate": 174.24873455805795
        },
        "http_req_failed": {
            "passes": 0,
            "fails": 73287,
            "value": 0
        },
        "http_req_blocked": {
            "p(95)": 0.001,
            "p(99)": 0.002,
            "avg": 0.080915360159441,
            "min": 0,
            "med": 0,
            "max": 182.024,
            "p(90)": 0.001
        },
        "http_req_duration": {
            "min": 58.349,
            "med": 257.662,
            "max": 490.527,
            "p(90)": 302.52819999999997,
            "p(95)": 315.26779999999997,
            "p(99)": 343.34794,
            "avg": 245.35338690354524
        },
        "http_req_duration{expected_response:true}": {
            "avg": 245.35338690354524,
            "min": 58.349,
            "med": 257.662,
            "max": 490.527,
            "p(90)": 302.52819999999997,
            "p(95)": 315.26779999999997,
            "p(99)": 343.34794
        },
        "target_duration": {
            "min": 68,
            "med": 258,
            "max": 491,
            "p(90)": 303,
            "p(95)": 315,
            "p(99)": 343,
            "avg": 245.62582152568078,
            "thresholds": {
                "p(95)<5000": false
            }
        },
        "http_req_connecting": {
            "avg": 0.03516105175542729,
            "min": 0,
            "med": 0,
            "max": 62.108,
            "p(90)": 0,
            "p(95)": 0,
            "p(99)": 0
        },
        "http_req_receiving": {
            "min": 0.006,
            "med": 0.032,
            "max": 64.268,
            "p(90)": 0.103,
            "p(95)": 0.15369999999999676,
            "p(99)": 0.43,
            "avg": 0.09235635242267319
        },
        "http_req_tls_handshaking": {
            "max": 131.392,
            "p(90)": 0,
            "p(95)": 0,
            "p(99)": 0,
            "avg": 0.04428198725558421,
            "min": 0,
            "med": 0
        },
        "checks": {
            "passes": 146424,
            "fails": 0,
            "value": 1
        },
        "http_reqs": {
            "count": 73287,
            "rate": 174.4868215606104
        },
        "http_req_sending": {
            "p(90)": 0.14,
            "p(95)": 0.212,
            "p(99)": 0.575,
            "avg": 0.08334890226097351,
            "min": 0.013,
            "med": 0.046,
            "max": 26.288
        },
        "iteration_duration": {
            "avg": 245.98704728876564,
            "min": 68.001791,
            "med": 257.965084,
            "max": 1022.509083,
            "p(90)": 302.8883666,
            "p(95)": 315.7637082,
            "p(99)": 344.40776024
        }
    }
}