{
    "root_group": {
        "groups": {},
        "checks": {
                "add-item 200": {
                    "name": "add-item 200",
                    "path": "::add-item 200",
                    "id": "33c9fa24edc9e82dc71c99a3b7d11540",
                    "passes": 71856,
                    "fails": 0
                },
                "has items": {
                    "name": "has items",
                    "path": "::has items",
                    "id": "a26ba3373a464cabfd3ac187534f4261",
                    "passes": 71856,
                    "fails": 0
                }
            },
        "name": "",
        "path": "",
        "id": "d41d8cd98f00b204e9800998ecf8427e"
    },
    "metrics": {
        "iterations": {
            "count": 71856,
            "rate": 171.05735949198134
        },
        "target_success": {
            "rate": 171.05735949198134,
            "count": 71856
        },
        "target_duration": {
            "med": 265,
            "max": 583,
            "p(90)": 311,
            "p(95)": 324,
            "p(99)": 352,
            "avg": 250.24952683144065,
            "min": 70,
            "thresholds": {
                "p(95)<5000": false
            }
        },
        "checks": {
            "passes": 143712,
            "fails": 0,
            "value": 1
        },
        "data_sent": {
            "count": 11442743,
            "rate": 27240.110817821103
        },
        "http_req_blocked": {
            "p(95)": 0.001,
            "p(99)": 0.002,
            "avg": 0.08407142658476391,
            "min": 0,
            "med": 0,
            "max": 271.545,
            "p(90)": 0.001
        },
        "http_req_sending": {
            "p(95)": 0.139,
            "p(99)": 0.39694999999999936,
            "avg": 0.069240452813394,
            "min": 0.014,
            "med": 0.039,
            "max": 44.485,
            "p(90)": 0.088
        },
        "http_req_receiving": {
            "max": 57.887,
            "p(90)": 0.087,
            "p(95)": 0.128,
            "p(99)": 0.37089999999999873,
            "avg": 0.09716688454371317,
            "min": 0.008,
            "med": 0.034
        },
        "http_req_waiting": {
            "max": 583.458,
            "p(90)": 310.62300000000005,
            "p(95)": 323.78074999999995,
            "p(99)": 351.30975,
            "avg": 249.75775269100788,
            "min": 69.286,
            "med": 264.911
        },
        "http_req_failed": {
            "fails": 71906,
            "passes": 0,
            "value": 0
        },
        "vus_max": {
            "value": 50,
            "min": 50,
            "max": 50
        },
        "http_req_tls_handshaking": {
            "max": 155.695,
            "p(90)": 0,
            "p(95)": 0,
            "p(99)": 0,
            "avg": 0.04477156287375184,
            "min": 0,
            "med": 0
        },
        "http_reqs": {
            "count": 71906,
            "rate": 171.1763873807394
        },
        "iteration_duration": {
            "avg": 250.5397627732699,
            "min": 69.59625,
            "med": 265.5125415,
            "max": 843.332375,
            "p(90)": 311.31327100000004,
            "p(95)": 324.367791,
            "p(99)": 353.3793272
        },
        "http_req_duration{expected_response:true}": {
            "min": 69.398,
            "med": 265.0525,
            "max": 583.557,
            "p(90)": 310.78200000000004,
            "p(95)": 323.92275,
            "p(99)": 351.58775,
            "avg": 249.92416002836995
        },
        "vus": {
            "value": 1,
            "min": 0,
            "max": 50
        },
        "http_req_connecting": {
            "min": 0,
            "med": 0,
            "max": 206.932,
            "p(90)": 0,
            "p(95)": 0,
            "p(99)": 0,
            "avg": 0.03751891358162044
        },
        "data_received": {
            "count": 226699054,
            "rate": 539670.1956213829
        },
        "http_req_duration": {
            "med": 265.0525,
            "max": 583.557,
            "p(90)": 310.78200000000004,
            "p(95)": 323.92275,
            "p(99)": 351.58775,
            "avg": 249.92416002836995,
            "min": 69.398
        }
    }
}