{
    "metrics": {
        "http_req_waiting": {
            "p(95)": 59880.0308,
            "p(99)": 60000.884,
            "avg": 6207.190508667759,
            "min": 82.027,
            "med": 1903.424,
            "max": 60024.245,
            "p(90)": 10927.235400000001
        },
        "http_req_connecting": {
            "med": 0,
            "max": 111.124,
            "p(90)": 0,
            "p(95)": 0,
            "p(99)": 50.7864,
            "avg": 0.843954959233753,
            "min": 0
        },
        "iterations": {
            "rate": 12.14115499740822,
            "count": 6192
        },
        "http_req_blocked": {
            "avg": 1.8750288925830096,
            "min": 0,
            "med": 0,
            "max": 241.612,
            "p(90)": 0.001,
            "p(95)": 0.001,
            "p(99)": 113.19756
        },
        "data_received": {
            "rate": 70075.49567039785,
            "count": 35738566
        },
        "http_req_tls_handshaking": {
            "med": 0,
            "max": 178.848,
            "p(90)": 0,
            "p(95)": 0,
            "p(99)": 61.69531999999999,
            "avg": 1.0239466476688035,
            "min": 0
        },
        "http_req_sending": {
            "p(95)": 0.25239999999999946,
            "p(99)": 0.6383599999999998,
            "avg": 0.11393160769413474,
            "min": 0.018,
            "med": 0.07,
            "max": 21.367,
            "p(90)": 0.177
        },
        "target_success": {
            "rate": 11.235274246632606,
            "count": 5730
        },
        "target_fail": {
            "count": 462,
            "rate": 0.9058807507756134
        },
        "target_duration": {
            "min": 119,
            "med": 4079,
            "max": 60006,
            "p(90)": 12056.300000000005,
            "p(95)": 35465.44999999948,
            "p(99)": 60001,
            "avg": 7498.871285529715,
            "thresholds": {
                "p(95)<5000": true
            }
        },
        "http_req_duration{expected_response:true}": {
            "max": 59957.788,
            "p(90)": 7720.879900000002,
            "p(95)": 11003.785449999994,
            "p(99)": 23027.52749,
            "avg": 3299.875929972941,
            "min": 82.177,
            "med": 1565.8255
        },
        "vus_max": {
            "value": 200,
            "min": 200,
            "max": 200
        },
        "http_req_receiving": {
            "p(90)": 0.158,
            "p(95)": 0.243,
            "p(99)": 42.49887999999998,
            "avg": 0.6367599936673762,
            "min": 0,
            "med": 0.057,
            "max": 83.218
        },
        "vus": {
            "value": 1,
            "min": 1,
            "max": 200
        },
        "http_req_duration": {
            "max": 60024.369,
            "p(90)": 10927.33,
            "p(95)": 59880.137200000005,
            "p(99)": 60000.955,
            "avg": 6207.941200269127,
            "min": 82.177,
            "med": 1903.493
        },
        "http_req_failed": {
            "passes": 809,
            "fails": 11824,
            "value": 0.06403862898757223
        },
        "iteration_duration": {
            "p(95)": 64871.68707849999,
            "p(99)": 120002.23413372,
            "avg": 12325.18735691455,
            "min": 355.778209,
            "med": 4439.865812,
            "max": 180004.399625,
            "p(90)": 30764.607600000007
        },
        "data_sent": {
            "count": 4409035,
            "rate": 8645.151376614624
        },
        "http_reqs": {
            "rate": 24.77054442542927,
            "count": 12633
        },
        "checks": {
            "passes": 23376,
            "fails": 1490,
            "value": 0.9400788224885386
        }
    },
    "root_group": {
        "name": "",
        "path": "",
        "id": "d41d8cd98f00b204e9800998ecf8427e",
        "groups": {},
        "checks": {
                "add-item 200": {
                    "name": "add-item 200",
                    "path": "::add-item 200",
                    "id": "33c9fa24edc9e82dc71c99a3b7d11540",
                    "passes": 5958,
                    "fails": 283
                },
                "has items": {
                    "name": "has items",
                    "path": "::has items",
                    "id": "a26ba3373a464cabfd3ac187534f4261",
                    "passes": 5958,
                    "fails": 283
                },
                "checkout 200": {
                    "path": "::checkout 200",
                    "id": "acab75c6e41819050be5685e71d4a1fb",
                    "passes": 5730,
                    "fails": 462,
                    "name": "checkout 200"
                },
                "order created": {
                    "id": "5e7ce872bb14a562c4b9054c8eda7170",
                    "passes": 5730,
                    "fails": 462,
                    "name": "order created",
                    "path": "::order created"
                }
            }
    }
}