{
    "root_group": {
        "name": "",
        "path": "",
        "id": "d41d8cd98f00b204e9800998ecf8427e",
        "groups": {},
        "checks": {
                "add-item 200": {
                    "path": "::add-item 200",
                    "id": "33c9fa24edc9e82dc71c99a3b7d11540",
                    "passes": 82524,
                    "fails": 633,
                    "name": "add-item 200"
                },
                "has items": {
                    "name": "has items",
                    "path": "::has items",
                    "id": "a26ba3373a464cabfd3ac187534f4261",
                    "passes": 82524,
                    "fails": 633
                }
            }
    },
    "metrics": {
        "http_req_waiting": {
            "avg": 935.0889896229323,
            "min": 68.917,
            "med": 322.925,
            "max": 60028.7,
            "p(90)": 397.966,
            "p(95)": 442.1846,
            "p(99)": 50099.84635999925
        },
        "http_req_receiving": {
            "p(90)": 0.089,
            "p(95)": 0.13,
            "p(99)": 0.323,
            "avg": 0.1429224780162726,
            "min": 0,
            "med": 0.032,
            "max": 84.021
        },
        "data_sent": {
            "count": 13525101,
            "rate": 26692.716853342754
        },
        "http_req_duration": {
            "p(90)": 398.1594,
            "p(95)": 442.46259999999995,
            "p(99)": 50099.90607999925,
            "avg": 935.2936830979976,
            "min": 69.019,
            "med": 323.087,
            "max": 60028.73
        },
        "http_req_sending": {
            "p(95)": 0.149,
            "p(99)": 0.35443999999999926,
            "avg": 0.06177099703684178,
            "min": 0.014,
            "med": 0.037,
            "max": 26.992,
            "p(90)": 0.096
        },
        "data_received": {
            "count": 267677686,
            "rate": 528280.3197074824
        },
        "http_reqs": {
            "count": 83357,
            "rate": 164.51077139786918
        },
        "checks": {
            "passes": 165048,
            "fails": 1266,
            "value": 0.9923878927811248
        },
        "vus": {
            "value": 1,
            "min": 1,
            "max": 200
        },
        "iteration_duration": {
            "p(90)": 398.506358,
            "p(95)": 443.10260859999954,
            "p(99)": 13330.70239203996,
            "avg": 938.1781826054528,
            "min": 69.252833,
            "med": 323.6355,
            "max": 120010.812833
        },
        "vus_max": {
            "value": 200,
            "min": 200,
            "max": 200
        },
        "target_duration": {
            "avg": 887.20104140361,
            "min": 69,
            "med": 323,
            "max": 60029,
            "p(90)": 398,
            "p(95)": 440,
            "p(99)": 5051.44,
            "thresholds": {
                "p(95)<5000": false
            }
        },
        "http_req_blocked": {
            "avg": 0.2758656981417855,
            "min": 0,
            "med": 0,
            "max": 253.065,
            "p(90)": 0.001,
            "p(95)": 0.001,
            "p(99)": 0.002
        },
        "http_req_tls_handshaking": {
            "max": 96.208,
            "p(90)": 0,
            "p(95)": 0,
            "p(99)": 0,
            "avg": 0.15095420900464268,
            "min": 0,
            "med": 0
        },
        "target_success": {
            "count": 82524,
            "rate": 162.86678861808554
        },
        "iterations": {
            "count": 83157,
            "rate": 164.11605764522005
        },
        "http_req_failed": {
            "passes": 680,
            "fails": 82677,
            "value": 0.008157683217966097
        },
        "target_fail": {
            "count": 633,
            "rate": 1.2492690271345082
        },
        "http_req_duration{expected_response:true}": {
            "avg": 449.56472203877684,
            "min": 69.019,
            "med": 322.407,
            "max": 59996.379,
            "p(90)": 394.9612,
            "p(95)": 428.782,
            "p(99)": 1109.208839999998
        },
        "http_req_connecting": {
            "p(95)": 0,
            "p(99)": 0,
            "avg": 0.1237950142159626,
            "min": 0,
            "med": 0,
            "max": 189.142,
            "p(90)": 0
        }
    }
}