{
    "metrics": {
        "checks": {
            "passes": 27278,
            "fails": 4770,
            "value": 0.8511607588617074
        },
        "iterations": {
            "count": 7912,
            "rate": 13.889431944651065
        },
        "target_fail": {
            "count": 1248,
            "rate": 2.1908507415223113
        },
        "http_req_tls_handshaking": {
            "p(99)": 65.03032,
            "avg": 1.94447772936335,
            "min": 0,
            "med": 0,
            "max": 145.163,
            "p(90)": 0,
            "p(95)": 0
        },
        "target_success": {
            "count": 6664,
            "rate": 11.698581203128754
        },
        "http_reqs": {
            "count": 16524,
            "rate": 29.007706452655988
        },
        "http_req_waiting": {
            "min": 73.56,
            "med": 3835.8805,
            "max": 60024.033,
            "p(90)": 60000.125,
            "p(95)": 60001.11385,
            "p(99)": 60001.885,
            "avg": 12764.60644710727
        },
        "vus": {
            "value": 4,
            "min": 2,
            "max": 500
        },
        "http_req_connecting": {
            "max": 115.275,
            "p(90)": 0,
            "p(95)": 0,
            "p(99)": 53.808249999999994,
            "avg": 1.5965780682643413,
            "min": 0,
            "med": 0
        },
        "vus_max": {
            "value": 500,
            "min": 500,
            "max": 500
        },
        "http_req_failed": {
            "passes": 2583,
            "fails": 13941,
            "value": 0.15631808278867101
        },
        "http_req_blocked": {
            "p(99)": 118.89001999999999,
            "avg": 3.552731541998416,
            "min": 0,
            "med": 0.001,
            "max": 218.443,
            "p(90)": 0.002,
            "p(95)": 0.002
        },
        "data_received": {
            "count": 49581668,
            "rate": 87040.09142925726
        },
        "http_req_duration{expected_response:true}": {
            "p(90)": 10475.757,
            "p(95)": 16035.694,
            "p(99)": 39877.967399999936,
            "avg": 4719.97954443727,
            "min": 73.803,
            "med": 3022.471,
            "max": 59998.092
        },
        "http_req_sending": {
            "p(90)": 0.302,
            "p(95)": 0.39184999999999925,
            "p(99)": 0.963,
            "avg": 0.14492047930283167,
            "min": 0.015,
            "med": 0.082,
            "max": 10.204
        },
        "http_req_duration": {
            "min": 73.803,
            "med": 3836.541,
            "max": 60024.145,
            "p(90)": 60000.2417,
            "p(95)": 60001.24755,
            "p(99)": 60002.01131,
            "avg": 12765.847516581873
        },
        "http_req_receiving": {
            "avg": 1.096148995400624,
            "min": 0,
            "med": 0.052,
            "max": 957.244,
            "p(90)": 0.221,
            "p(95)": 0.402,
            "p(99)": 49.93532
        },
        "data_sent": {
            "rate": 10986.147438598719,
            "count": 6258168
        },
        "iteration_duration": {
            "avg": 25249.13596914676,
            "min": 337.864833,
            "med": 6441.0255415,
            "max": 180011.334125,
            "p(90)": 120000.84356250001,
            "p(95)": 120003.99004595,
            "p(99)": 180004.29601863
        },
        "target_duration": {
            "avg": 13636.294362992921,
            "min": 126,
            "med": 5225.5,
            "max": 60029,
            "p(90)": 60001,
            "p(95)": 60002,
            "p(99)": 60003,
            "thresholds": {
                "p(95)<5000": true
            }
        }
    },
    "root_group": {
        "name": "",
        "path": "",
        "id": "d41d8cd98f00b204e9800998ecf8427e",
        "groups": {},
        "checks": {
                "add-item 200": {
                    "name": "add-item 200",
                    "path": "::add-item 200",
                    "id": "33c9fa24edc9e82dc71c99a3b7d11540",
                    "passes": 6975,
                    "fails": 1137
                },
                "has items": {
                    "name": "has items",
                    "path": "::has items",
                    "id": "a26ba3373a464cabfd3ac187534f4261",
                    "passes": 6975,
                    "fails": 1137
                },
                "checkout 200": {
                    "name": "checkout 200",
                    "path": "::checkout 200",
                    "id": "acab75c6e41819050be5685e71d4a1fb",
                    "passes": 6664,
                    "fails": 1248
                },
                "order created": {
                    "name": "order created",
                    "path": "::order created",
                    "id": "5e7ce872bb14a562c4b9054c8eda7170",
                    "passes": 6664,
                    "fails": 1248
                }
            }
    }
}