{
    "root_group": {
        "path": "",
        "id": "d41d8cd98f00b204e9800998ecf8427e",
        "groups": {},
        "checks": {
                "add-item 200": {
                    "name": "add-item 200",
                    "path": "::add-item 200",
                    "id": "33c9fa24edc9e82dc71c99a3b7d11540",
                    "passes": 1419,
                    "fails": 0
                },
                "has items": {
                    "name": "has items",
                    "path": "::has items",
                    "id": "a26ba3373a464cabfd3ac187534f4261",
                    "passes": 1419,
                    "fails": 0
                }
            },
        "name": ""
    },
    "metrics": {
        "data_sent": {
            "count": 226219,
            "rate": 1884.5788096445442
        },
        "http_req_connecting": {
            "p(99)": 0,
            "avg": 0.0364725352112676,
            "min": 0,
            "med": 0,
            "max": 51.791,
            "p(90)": 0,
            "p(95)": 0
        },
        "target_duration": {
            "med": 82,
            "max": 133,
            "p(90)": 98,
            "p(95)": 104.09999999999994,
            "p(99)": 112,
            "avg": 84.16913319238901,
            "min": 72,
            "thresholds": {
                "p(95)<5000": false
            }
        },
        "http_req_duration{expected_response:true}": {
            "avg": 83.85051830985904,
            "min": 71.294,
            "med": 81.265,
            "max": 221.878,
            "p(90)": 97.06920000000001,
            "p(95)": 104.20209999999997,
            "p(99)": 111.09935
        },
        "checks": {
            "fails": 0,
            "passes": 2838,
            "value": 1
        },
        "target_success": {
            "count": 1419,
            "rate": 11.821364831802846
        },
        "http_req_sending": {
            "p(99)": 0.41391999999999957,
            "avg": 0.11341760563380275,
            "min": 0.043,
            "med": 0.088,
            "max": 4.651,
            "p(90)": 0.16210000000000005,
            "p(95)": 0.201
        },
        "http_req_waiting": {
            "avg": 83.57972464788723,
            "min": 70.826,
            "med": 81.037,
            "max": 152.047,
            "p(90)": 96.7943,
            "p(95)": 103.90435,
            "p(99)": 110.29733
        },
        "vus": {
            "max": 1,
            "value": 1,
            "min": 1
        },
        "vus_max": {
            "min": 1,
            "max": 1,
            "value": 1
        },
        "http_req_receiving": {
            "avg": 0.15737605633802856,
            "min": 0.031,
            "med": 0.076,
            "max": 69.622,
            "p(90)": 0.15410000000000004,
            "p(95)": 0.20404999999999993,
            "p(99)": 0.5500499999999999
        },
        "http_req_failed": {
            "passes": 0,
            "fails": 1420,
            "value": 0
        },
        "http_reqs": {
            "count": 1420,
            "rate": 11.829695603354505
        },
        "http_req_tls_handshaking": {
            "min": 0,
            "med": 0,
            "max": 65.394,
            "p(90)": 0,
            "p(95)": 0,
            "p(99)": 0,
            "avg": 0.04605211267605634
        },
        "iteration_duration": {
            "med": 81.688416,
            "max": 674.24375,
            "p(90)": 97.5926166,
            "p(95)": 104.4629794,
            "p(99)": 111.48329494000001,
            "avg": 84.57312067723736,
            "min": 71.736792
        },
        "http_req_blocked": {
            "p(95)": 0.001,
            "p(99)": 0.002,
            "avg": 0.1586176056338051,
            "min": 0,
            "med": 0,
            "max": 223.966,
            "p(90)": 0.001
        },
        "http_req_duration": {
            "max": 221.878,
            "p(90)": 97.06920000000001,
            "p(95)": 104.20209999999997,
            "p(99)": 111.09935,
            "avg": 83.85051830985904,
            "min": 71.294,
            "med": 81.265
        },
        "data_received": {
            "count": 4363734,
            "rate": 36353.27106620322
        },
        "iterations": {
            "count": 1419,
            "rate": 11.821364831802846
        }
    }
}