{
    "root_group": {
        "name": "",
        "path": "",
        "id": "d41d8cd98f00b204e9800998ecf8427e",
        "groups": {},
        "checks": {
                "add-item 200": {
                    "name": "add-item 200",
                    "path": "::add-item 200",
                    "id": "33c9fa24edc9e82dc71c99a3b7d11540",
                    "passes": 51005,
                    "fails": 1762
                },
                "has items": {
                    "name": "has items",
                    "path": "::has items",
                    "id": "a26ba3373a464cabfd3ac187534f4261",
                    "passes": 51005,
                    "fails": 1762
                }
            }
    },
    "metrics": {
        "vus_max": {
            "min": 500,
            "max": 500,
            "value": 500
        },
        "target_success": {
            "count": 51005,
            "rate": 89.55685321796105
        },
        "iterations": {
            "count": 52767,
            "rate": 92.6506513822596
        },
        "http_req_duration": {
            "avg": 3938.9573132708706,
            "min": 76.69,
            "med": 878.824,
            "max": 60018.797,
            "p(90)": 4230.221,
            "p(95)": 12231.184499999981,
            "p(99)": 60000.433679999995
        },
        "http_req_connecting": {
            "p(99)": 0,
            "avg": 0.5022386468169782,
            "min": 0,
            "med": 0,
            "max": 100.143,
            "p(90)": 0,
            "p(95)": 0
        },
        "data_sent": {
            "count": 9280806,
            "rate": 16295.652988655469
        },
        "data_received": {
            "count": 179474661,
            "rate": 315129.6122246901
        },
        "http_req_tls_handshaking": {
            "med": 0,
            "max": 134.508,
            "p(90)": 0,
            "p(95)": 0,
            "p(99)": 0,
            "avg": 0.6096506091951862,
            "min": 0
        },
        "checks": {
            "passes": 102010,
            "fails": 3524,
            "value": 0.96660791782743
        },
        "target_fail": {
            "count": 1762,
            "rate": 3.093798164298547
        },
        "target_duration": {
            "avg": 3656.0797468114542,
            "min": 78,
            "med": 871,
            "max": 60050,
            "p(90)": 4046,
            "p(95)": 9895.399999999996,
            "p(99)": 60001,
            "thresholds": {
                "p(95)<5000": true
            }
        },
        "http_req_blocked": {
            "p(95)": 0.001,
            "p(99)": 0.021,
            "avg": 1.1145883004475357,
            "min": 0,
            "med": 0,
            "max": 195.087,
            "p(90)": 0.001
        },
        "http_reqs": {
            "count": 53267,
            "rate": 93.52857367632842
        },
        "http_req_receiving": {
            "med": 0.047,
            "max": 3081.547,
            "p(90)": 0.155,
            "p(95)": 0.216,
            "p(99)": 1.194679999999999,
            "avg": 9.723492687780332,
            "min": 0
        },
        "http_req_failed": {
            "passes": 2013,
            "fails": 51254,
            "value": 0.037790752248108586
        },
        "http_req_waiting": {
            "min": 76.361,
            "med": 875.281,
            "max": 60018.734,
            "p(90)": 4208.3618000000015,
            "p(95)": 12221.703099999999,
            "p(99)": 60000.342339999996,
            "avg": 3929.1405722304203
        },
        "vus": {
            "value": 2,
            "min": 2,
            "max": 500
        },
        "iteration_duration": {
            "p(95)": 10516.711404399999,
            "p(99)": 60001.40306028,
            "avg": 3977.9047454243932,
            "min": 77.528584,
            "med": 871.017334,
            "max": 120013.834875,
            "p(90)": 4104.557116600001
        },
        "http_req_duration{expected_response:true}": {
            "p(99)": 13827.777799999998,
            "avg": 1737.7270461232476,
            "min": 76.69,
            "med": 844.5440000000001,
            "max": 60002.254,
            "p(90)": 3499.0607000000014,
            "p(95)": 5036.139399999997
        },
        "http_req_sending": {
            "p(95)": 0.252,
            "p(99)": 0.5673399999999995,
            "avg": 0.09324835263859296,
            "min": 0.014,
            "med": 0.053,
            "max": 11.577,
            "p(90)": 0.181
        }
    }
}