{
  "mode": "storeapi",
  "device": "desktop",
  "page": "cart",
  "runs": 3,
  "results": [
    {
      "score": 100,
      "fcp": 365.30857775268555,
      "lcp": 480.78296587524414,
      "tti": 480.7829658752442,
      "tbt": 0,
      "cls": 0,
      "si": 365.30857775268555,
      "bytes": 623164
    },
    {
      "score": 100,
      "fcp": 485.514,
      "lcp": 645.514,
      "tti": 645.5140000000001,
      "tbt": 0,
      "cls": 0,
      "si": 485.514,
      "bytes": 622093
    },
    {
      "score": 100,
      "fcp": 468.246,
      "lcp": 636.3895661315918,
      "tti": 636.3895661315919,
      "tbt": 0,
      "cls": 0,
      "si": 468.246,
      "bytes": 621981
    }
  ]
}